match_id,player_id,player_name,player_position,position_side,first_event_minute,last_event_minute,total_events,passes,successful_passes,failed_passes,receptions,dribbles,successful_dribbles,failed_dribbles,shots,successful_shots,between_lines_receptions,wide_availability,box_availability,hold_up_actions,back_availability,fdr_availability,final_third_actions,opponent_box_actions,interceptions,loose_ball_regains,ground_duels,clearances,blocks,high_pressure_actions,average_pressure,total_pxt,average_pxt,max_pxt,average_distance_to_goal,average_x,average_y,minutes,total_events_per90,passes_per90,receptions_per90,dribbles_per90,shots_per90,between_lines_receptions_per90,wide_availability_per90,box_availability_per90,hold_up_actions_per90,back_availability_per90,fdr_availability_per90,final_third_actions_per90,opponent_box_actions_per90,interceptions_per90,loose_ball_regains_per90,ground_duels_per90,clearances_per90,blocks_per90,high_pressure_actions_per90,total_pxt_per90,pass_attempts_with_result,pass_success_rate,dribble_attempts_with_result,dribble_success_rate
122841,622,Ginter,CENTRAL_DEFENDER,CENTRE_RIGHT,0.4477333333333333,216.22230166666668,118,43,31,9,27,18,17,1,0,0,0,4,0,1,19,0,6,1,6,12,2,3,4,29,26.120689655172413,0.248507,0.002105991525423729,0.009422,71.1957627118644,36.53220338983051,28.279661016949152,101.29913333333334,104.83801440881032,38.20368321676987,23.988359229134566,15.992239486089712,0.0,0.0,3.553830996908825,0.0,0.8884577492272062,16.88069723531692,0.0,5.330746495363237,0.8884577492272062,5.330746495363237,10.661492990726474,1.7769154984544124,2.6653732476816185,3.553830996908825,25.76527472758898,0.2207879698872053,40,0.775,18,0.9444444444444444
122841,862,Sallai,RIGHT_WINGER,RIGHT,4.197666666666667,203.43923333333333,85,25,19,5,24,19,18,0,4,1,9,9,0,3,2,0,55,5,1,5,1,1,2,14,21.341463414634145,1.609363,0.019159083333333334,0.293942,41.787951807228914,70.90240963855422,13.559036144578315,90.365,84.65667017097329,24.899020638521552,23.90305981298069,18.92325568527638,3.9838433021634483,8.963647429867759,8.963647429867759,0.0,2.987882476622586,1.9919216510817241,0.0,54.77784540474742,4.979804127704311,0.9959608255408621,4.979804127704311,0.9959608255408621,0.9959608255408621,1.9919216510817241,13.94345155757207,1.6028625020749185,24,0.7916666666666666,18,1.0
122841,968,Gregoritsch,CENTER_FORWARD,CENTRE_LEFT,1.043383333333333,200.4995,82,21,12,8,27,13,8,3,8,0,6,0,3,11,0,1,45,21,1,6,0,0,2,39,44.743589743589745,2.504983,0.03054857317073171,0.224611,39.697560975609754,68.43536585365854,33.764634146341464,90.365,81.6687876943507,20.915177336358106,26.890942289603277,12.947490732031207,7.967686604326897,5.975764953245172,0.0,2.987882476622586,10.955569080949484,0.0,0.9959608255408621,44.81823714933879,20.915177336358106,0.9959608255408621,5.975764953245172,0.0,0.0,1.9919216510817241,38.842472196093624,2.4948649366458255,20,0.6,11,0.7272727272727273
122841,986,Kübler,RIGHT_WINGBACK_DEFENDER,RIGHT,2.9430166666666664,215.55265,121,37,19,8,23,18,17,0,1,0,5,14,0,0,3,0,20,3,2,17,3,5,2,29,25.91304347826087,0.763988,0.00631395041322314,0.18633,65.09333333333333,45.266666666666666,13.860833333333334,101.29913333333334,107.50338765649195,32.87293672140663,20.43452823222574,15.992239486089712,0.8884577492272062,4.442288746136031,12.438408489180887,0.0,0.0,2.6653732476816185,0.0,17.769154984544123,2.6653732476816185,1.7769154984544124,15.103781736862505,2.6653732476816185,4.442288746136031,1.7769154984544124,25.76527472758898,0.6787710589165948,27,0.7037037037037037,17,1.0
122841,1268,Günter,LEFT_WINGBACK_DEFENDER,LEFT,0.8282666666666666,208.62595166666668,122,42,30,9,37,26,26,0,0,0,2,32,1,2,0,0,35,2,2,3,2,1,2,15,14.297520661157025,0.659948,0.005409409836065574,0.030389,59.472131147540985,53.736065573770496,57.15573770491803,96.00376666666666,114.37051254586191,39.37345513873935,34.68613905079419,24.374043657314836,0.0,1.8749264351780643,29.99882296284903,0.9374632175890322,1.8749264351780643,0.0,0.0,32.81121261561612,1.8749264351780643,1.8749264351780643,2.8123896527670964,1.8749264351780643,0.9374632175890322,1.8749264351780643,14.061948263835482,0.6186769755214465,39,0.7692307692307693,26,1.0
122841,1294,Grifo,LEFT_WINGER,LEFT,1.13605,209.55885166666667,125,43,23,12,33,28,27,0,2,0,12,15,1,1,1,0,64,7,4,7,2,1,1,16,18.677685950413224,1.335836,0.010686688,0.081357,49.8288,62.9424,47.1128,96.00376666666666,117.18290219862901,40.31091835632838,30.93628618043806,26.2489700924929,1.8749264351780643,11.249558611068386,14.061948263835482,0.9374632175890322,0.9374632175890322,0.9374632175890322,0.0,59.99764592569806,6.562242523123225,3.7498528703561287,6.562242523123225,1.8749264351780643,0.9374632175890322,0.9374632175890322,14.999411481424515,1.2522971147312623,35,0.6571428571428571,27,1.0
122841,1320,Eggestein,DEFENSE_MIDFIELD,CENTRE_LEFT,0.7487833333333334,214.1798333333333,155,54,49,3,37,38,37,0,0,0,11,1,0,3,22,0,14,0,6,10,4,3,1,33,20.45751633986928,0.581765,0.003753322580645161,0.01713,63.937012987012984,42.56428571428571,37.4487012987013,101.29913333333334,137.71095113021696,47.97671845826913,32.87293672140663,33.76139447063384,0.0,9.773035241499269,0.8884577492272062,0.0,2.6653732476816185,19.546070482998537,0.0,12.438408489180887,0.0,5.330746495363237,8.884577492272062,3.553830996908825,2.6653732476816185,0.8884577492272062,29.319105724497803,0.5168736224791656,52,0.9423076923076923,37,1.0
122841,9604,Höler,CENTER_FORWARD,CENTRE_RIGHT,10.754366666666666,215.56575166666667,117,42,29,10,38,22,18,3,0,0,17,7,0,4,0,2,45,7,2,6,1,1,2,28,30.347826086956523,1.274931,0.010896846153846155,0.066465,52.30427350427351,56.82905982905983,25.895726495726496,90.365,116.52741658828087,41.83035467271621,37.84651137055276,21.91113816189897,0.0,16.931334034194656,6.971725778786035,0.0,3.9838433021634483,0.0,1.9919216510817241,44.81823714933879,6.971725778786035,1.9919216510817241,5.975764953245172,0.9959608255408621,0.9959608255408621,1.9919216510817241,27.88690311514414,1.269781331267637,39,0.7435897435897436,21,0.8571428571428571
122841,23350,Lienhart,CENTRAL_DEFENDER,CENTRE_LEFT,0.5423833333333333,215.79253333333332,217,72,53,13,58,50,49,1,1,0,1,4,1,4,48,0,16,5,6,12,1,2,2,20,11.095238095238095,0.973697,0.004487082949308756,0.202993,69.29859813084111,38.754205607476635,49.2088785046729,101.29913333333334,192.79533158230373,63.96895794435885,51.53054945517796,44.42288746136031,0.8884577492272062,0.8884577492272062,3.553830996908825,0.8884577492272062,3.553830996908825,42.6459719629059,0.0,14.2153239876353,4.442288746136031,5.330746495363237,10.661492990726474,0.8884577492272062,1.7769154984544124,1.7769154984544124,17.769154984544123,0.8650886450492831,66,0.803030303030303,50,0.98
122841,68933,Röhl,DEFENSE_MIDFIELD,CENTRE_RIGHT,1.2300833333333334,194.14541666666668,62,18,16,2,14,15,15,0,0,0,5,2,0,1,5,1,24,2,4,1,1,2,2,9,22.80701754385965,0.507153,0.008179887096774193,0.042858,49.001724137931035,59.95517241379311,28.31896551724138,79.27913333333332,70.38422048004226,20.434128526463883,15.893211076138575,17.0284404387199,0.0,5.676146812906634,2.2704587251626536,0.0,1.1352293625813268,5.676146812906634,1.1352293625813268,27.24550470195184,2.2704587251626536,4.540917450325307,1.1352293625813268,1.1352293625813268,2.2704587251626536,2.2704587251626536,10.217064263231942,0.5757349769212076,18,0.8888888888888888,15,1.0
122848,622,Ginter,CENTRAL_DEFENDER,CENTRE_RIGHT,0.77915,219.0637,141,48,34,13,31,32,31,1,0,0,3,4,0,0,24,0,4,0,5,16,1,3,1,31,20.857142857142858,0.340805,0.002417056737588653,0.01257,67.78928571428571,39.89,23.018571428571427,99.72798333333334,127.24613068314659,43.317831721922246,27.97609965374145,28.878554481281498,0.0,2.7073644826201404,3.609819310160187,0.0,0.0,21.658915860961123,0.0,3.609819310160187,0.0,4.512274137700234,14.439277240640749,0.9024548275400468,2.7073644826201404,0.9024548275400468,27.97609965374145,0.30756111749978565,47,0.723404255319149,32,0.96875
122848,862,Sallai,CENTER_FORWARD,CENTRE_LEFT,1.5744333333333331,181.7573833333333,71,18,12,3,23,18,13,3,4,0,10,3,1,5,1,1,48,5,1,3,1,1,0,21,32.89855072463768,1.54355,0.02174014084507042,0.172077,38.81857142857143,70.31142857142858,41.83571428571429,62.6801,101.94623173862198,25.845523539368955,33.024835633638105,25.845523539368955,5.743449675415323,14.358624188538307,4.307587256561492,1.4358624188538307,7.179312094269154,1.4358624188538307,1.4358624188538307,68.92139610498387,7.179312094269154,1.4358624188538307,4.307587256561492,1.4358624188538307,1.4358624188538307,0.0,30.153110795930445,2.2163254366218306,15,0.8,16,0.8125
122848,986,Kübler,LEFT_WINGBACK_DEFENDER,LEFT,0.2207499999999999,202.21081666666663,132,41,31,8,30,28,27,1,1,0,2,26,0,0,1,0,34,0,2,11,1,1,2,21,17.95275590551181,0.566755,0.004293598484848485,0.019222,61.20384615384615,50.33846153846154,56.68692307692308,85.67236666666666,138.6678162659216,43.071064143202925,31.515412787709458,29.41438526852883,1.0505137595903153,2.1010275191806307,27.313357749348196,0.0,0.0,1.0505137595903153,0.0,35.71746782607072,0.0,2.1010275191806307,11.555651355493469,1.0505137595903153,1.0505137595903153,2.1010275191806307,22.06078895139662,0.5953839258166091,39,0.7948717948717948,28,0.9642857142857143
122848,1050,Höfler,DEFENSE_MIDFIELD,CENTRE_LEFT,0.0,214.42805,164,54,45,5,37,32,32,0,2,0,15,2,0,2,16,0,22,6,8,13,3,5,4,42,29.748427672955973,0.8234630000000001,0.005021115853658537,0.034462,56.28834355828221,51.263803680981596,41.426993865030674,99.72798333333334,148.00259171656768,48.732560687162525,33.39082861898173,28.878554481281498,1.8049096550800936,13.536822413100701,1.8049096550800936,0.0,1.8049096550800936,14.439277240640749,0.0,19.854006205881028,5.414728965240281,7.219638620320374,11.731912758020608,2.7073644826201404,4.512274137700234,3.609819310160187,37.90310275668197,0.7431381596506096,50,0.9,32,1.0
122848,1294,Grifo,LEFT_WINGER,LEFT,0.0025333333333333,216.33753333333337,168,56,35,15,52,36,33,1,2,0,19,19,1,6,5,0,62,9,6,4,1,2,0,33,24.518072289156628,2.138751,0.012730660714285715,0.202993,49.081547619047626,61.72678571428572,46.48154761904762,99.72798333333334,151.61241102672787,50.53747034224262,46.92765103208243,32.48837379144168,1.8049096550800936,17.14664172326089,17.14664172326089,0.9024548275400468,5.414728965240281,4.512274137700234,0.0,55.9521993074829,8.12209344786042,5.414728965240281,3.609819310160187,0.9024548275400468,1.8049096550800936,0.0,29.781009308821545,1.9301261648561028,50,0.7,34,0.9705882352941176
122848,1320,Eggestein,DEFENSE_MIDFIELD,CENTRE_RIGHT,0.1461333333333333,216.4366,130,45,35,8,31,28,26,1,1,0,19,4,0,3,5,0,34,2,8,11,0,2,2,34,27.34375,0.924616,0.007112430769230769,0.035805,50.733333333333334,56.575968992248065,28.352713178294575,99.72798333333334,117.31912758020609,40.6104672393021,27.97609965374145,25.26873517112131,0.9024548275400468,17.14664172326089,3.609819310160187,0.0,2.7073644826201404,4.512274137700234,0.0,30.68346413636159,1.8049096550800936,7.219638620320374,9.927003102940514,0.0,1.8049096550800936,1.8049096550800936,30.68346413636159,0.8344241728207679,43,0.813953488372093,27,0.9629629629629629
122848,9604,Höler,CENTER_FORWARD,CENTRE_RIGHT,1.40045,202.14733333333336,82,29,20,8,28,12,11,1,2,0,15,1,1,8,0,0,34,10,1,4,1,2,1,36,47.625,2.125412,0.025919658536585365,0.523887,41.86829268292683,66.65,35.646341463414636,85.67236666666666,86.14212828640585,30.46489902811914,29.41438526852883,12.606165115083783,2.1010275191806307,15.757706393854729,1.0505137595903153,1.0505137595903153,8.404110076722523,0.0,0.0,35.71746782607072,10.505137595903152,1.0505137595903153,4.202055038361261,1.0505137595903153,2.1010275191806307,1.0505137595903153,37.81849534525135,2.232774550798371,28,0.7142857142857143,12,0.9166666666666666
122848,15811,Doan,RIGHT_WINGER,RIGHT,1.4659833333333334,186.63981666666663,78,24,16,6,21,20,17,3,1,0,4,9,1,2,0,2,41,9,3,1,3,0,1,18,29.2,1.149228,0.014733692307692307,0.13257,42.77922077922078,69.73766233766234,21.058441558441558,72.3009,97.0942270428169,29.8751467824052,26.140753434604548,24.895955652004332,1.2447977826002166,4.979191130400866,11.20318004340195,1.2447977826002166,2.489595565200433,0.0,2.489595565200433,51.03670908660888,11.20318004340195,3.73439334780065,1.2447977826002166,3.73439334780065,0.0,1.2447977826002166,22.4063600868039,1.4305564661020815,22,0.7272727272727273,20,0.85
122848,23350,Lienhart,CENTRAL_DEFENDER,CENTRE_LEFT,0.0385833333333333,216.62351666666663,173,55,44,8,42,35,33,1,0,0,1,2,0,1,38,0,2,0,6,15,1,7,1,28,15.773809523809524,0.335054,0.001936728323699422,0.005388,72.51976744186047,34.2796511627907,42.43313953488372,99.72798333333334,156.1246851644281,49.63501551470257,37.90310275668197,31.585918963901637,0.0,0.9024548275400468,1.8049096550800936,0.0,0.9024548275400468,34.29328344652178,0.0,1.8049096550800936,0.0,5.414728965240281,13.536822413100701,0.9024548275400468,6.317183792780328,0.9024548275400468,25.26873517112131,0.30237109978660287,52,0.8461538461538461,34,0.9705882352941176
122848,62650,Sildillia,RIGHT_WINGBACK_DEFENDER,RIGHT,0.8081833333333334,216.40141666666665,146,48,31,11,34,33,33,0,1,0,2,27,1,0,2,0,30,3,3,12,1,2,2,19,17.183098591549296,0.692465,0.004742910958904109,0.020219,60.28896551724138,50.257241379310344,12.224827586206896,99.72798333333334,131.75840482084683,43.317831721922246,30.68346413636159,29.781009308821545,0.9024548275400468,1.8049096550800936,24.366280343581263,0.9024548275400468,0.0,1.8049096550800936,0.0,27.073644826201402,2.7073644826201404,2.7073644826201404,10.829457930480562,0.9024548275400468,1.8049096550800936,1.8049096550800936,17.14664172326089,0.6249183821525185,42,0.7380952380952381,33,1.0
122861,622,Ginter,CENTRAL_DEFENDER,CENTRE_RIGHT,0.0528999999999999,212.06361666666663,219,74,59,10,64,56,56,0,1,0,2,9,0,1,50,0,3,2,1,12,3,4,0,28,13.256880733944953,0.820436,0.003746283105022831,0.202993,72.55388127853881,35.64063926940639,17.273059360730596,94.02281666666666,209.62996747775233,70.83387028928617,61.26172565559885,53.604009948648994,0.9572144633687321,1.9144289267374641,8.614930170318589,0.0,0.9572144633687321,47.8607231684366,0.0,2.871643390106196,1.9144289267374641,0.9572144633687321,11.486573560424784,2.871643390106196,3.8288578534749282,0.0,26.802004974324497,0.7853332054683891,69,0.855072463768116,56,1.0
122861,862,Sallai,RIGHT_WINGER,RIGHT,0.7857333333333333,42.609566666666666,43,12,10,0,13,12,11,1,2,0,1,10,0,2,0,0,13,3,0,2,0,0,0,4,19.024390243902438,1.081665,0.025155000000000004,0.315637,50.48780487804878,61.643902439024394,10.846341463414634,47.050216666666664,82.2525436475142,22.954198227213265,24.867048079481037,22.954198227213265,3.8256997045355443,1.9128498522677722,19.12849852267772,0.0,3.8256997045355443,0.0,0.0,24.867048079481037,5.738549556803316,0.0,3.8256997045355443,0.0,0.0,0.0,7.651399409071089,2.06906273545322,10,1.0,12,0.9166666666666666
122861,930,Philipp,CENTER_FORWARD,CENTRE,169.13968333333332,213.54581833333336,70,22,14,7,25,15,12,3,1,0,12,3,0,5,0,1,39,3,0,1,1,1,0,22,38.80597014925373,0.91223,0.013031857142857142,0.109436,38.44411764705882,72.2279411764706,24.773529411764706,46.97260000000001,134.1207427308686,42.15223342970157,47.90026526102451,28.740159156614702,1.9160106104409802,22.99212732529176,5.74803183132294,0.0,9.580053052204901,0.0,1.9160106104409802,74.72441380719823,5.74803183132294,0.0,1.9160106104409802,1.9160106104409802,1.9160106104409802,0.0,42.15223342970157,1.7478423591625754,21,0.6666666666666666,15,0.8
122861,968,Gregoritsch,CENTER_FORWARD,CENTRE,0.2515166666666666,39.520783333333334,35,12,6,5,12,3,3,0,2,0,0,0,0,4,2,0,15,6,0,2,0,0,1,21,55.9375,0.816357,0.023324485714285713,0.202993,39.33235294117647,68.87647058823529,31.547058823529408,47.050216666666664,66.94974482937202,22.954198227213265,22.954198227213265,5.738549556803316,3.8256997045355443,0.0,0.0,0.0,7.651399409071089,3.8256997045355443,0.0,28.692747784016582,11.477099113606632,0.0,3.8256997045355443,0.0,0.0,1.9128498522677722,40.169846897623216,1.5615683668477616,11,0.5454545454545454,3,1.0
122861,986,Kübler,RIGHT_WINGBACK_DEFENDER,RIGHT,1.4682666666666668,212.89821666666663,125,39,29,6,34,21,19,1,0,0,3,24,0,1,2,0,10,0,3,5,0,1,4,10,18.5,0.3725,0.00298,0.019281,64.70806451612903,46.917741935483875,32.19435483870968,47.050216666666664,239.10623153347152,74.60114423844311,65.03689497710425,40.169846897623216,0.0,5.738549556803316,45.90839645442653,0.0,1.9128498522677722,3.8256997045355443,0.0,19.12849852267772,0.0,5.738549556803316,9.56424926133886,0.0,1.9128498522677722,7.651399409071089,19.12849852267772,0.7125365699697451,35,0.8285714285714286,20,0.95
122861,986,Kübler,RIGHT_WINGBACK_DEFENDER,RIGHT,1.4682666666666668,212.89821666666663,125,39,29,6,34,21,19,1,0,0,3,24,0,1,2,0,10,0,3,5,0,1,4,10,18.5,0.3725,0.00298,0.019281,64.70806451612903,46.917741935483875,32.19435483870968,46.97260000000001,239.50132630512252,74.72441380719823,65.14436075499333,40.23622281926058,0.0,5.74803183132294,45.98425465058352,0.0,1.9160106104409802,3.8320212208819604,0.0,19.160106104409802,0.0,5.74803183132294,9.580053052204901,0.0,1.9160106104409802,7.664042441763921,19.160106104409802,0.713713952389265,35,0.8285714285714286,20,0.95
122861,1050,Höfler,DEFENSE_MIDFIELD,CENTRE_LEFT,0.2177333333333333,213.03853333333333,185,57,48,7,52,41,39,1,2,0,12,0,0,8,29,0,23,4,6,6,4,7,2,44,23.736263736263737,0.811651,0.0043873027027027025,0.065911,60.95573770491803,46.12568306010929,34.91256830601093,94.02281666666666,177.08467572321544,54.56122441201773,49.775152095174064,39.24579299811801,1.9144289267374641,11.486573560424784,0.0,0.0,7.6577157069498565,27.75921943769323,0.0,22.01593265748084,3.8288578534749282,5.743286780212392,5.743286780212392,3.8288578534749282,6.700501243581124,1.9144289267374641,42.11743638822421,0.7769240764076948,55,0.8727272727272727,40,0.975
122861,1294,Grifo,LEFT_WINGER,LEFT,0.2774166666666666,190.92640166666664,121,43,29,10,39,29,29,0,1,0,13,9,1,6,8,0,22,3,2,3,0,0,0,12,17.333333333333332,0.765845,0.006329297520661157,0.042858,56.9900826446281,53.01239669421488,49.316528925619835,74.50295,146.1687087558278,51.94425187190574,47.11222844196102,35.03216986709922,1.20800585748618,15.704076147320341,10.87205271737562,1.20800585748618,7.248035144917081,9.66404685988944,0.0,26.576128864695963,3.6240175724585404,2.41601171497236,3.6240175724585404,0.0,0.0,0.0,14.496070289834162,0.9251452459265036,39,0.7435897435897436,29,1.0
122861,1320,Eggestein,DEFENSE_MIDFIELD,CENTRE_RIGHT,1.3496666666666668,192.28521833333335,107,39,36,2,32,27,27,0,0,0,5,13,0,2,11,0,7,0,4,3,0,0,0,14,18.50467289719626,0.41418699999999997,0.0038709065420560744,0.029121,60.6018691588785,48.428037383177575,19.844859813084113,74.50295,129.25662675102126,47.11222844196102,38.65618743955776,32.616158152126864,0.0,6.040029287430901,15.704076147320341,0.0,2.41601171497236,13.288064432347982,0.0,8.45604100240326,0.0,4.83202342994472,3.6240175724585404,0.0,0.0,0.0,16.91208200480652,0.5003403220946284,38,0.9473684210526315,27,1.0
122861,9604,Höler,ATTACKING_MIDFIELD,CENTRE,0.0,211.76635,82,30,15,12,25,10,8,0,1,0,8,2,2,7,0,0,22,6,2,6,1,1,1,39,45.0,0.673147,0.008209109756097562,0.076187,48.34691358024691,60.160493827160494,29.04320987654321,94.02281666666666,78.49158599623603,28.71643390106196,23.9303615842183,9.572144633687321,0.9572144633687321,7.6577157069498565,1.9144289267374641,1.9144289267374641,6.700501243581124,0.0,0.0,21.058718194112107,5.743286780212392,1.9144289267374641,5.743286780212392,0.9572144633687321,0.9572144633687321,0.9572144633687321,37.33136407138055,0.6443460443732719,27,0.5555555555555556,8,1.0
122861,15811,Doan,RIGHT_WINGER,RIGHT,167.17013333333335,210.666885,62,20,14,6,20,13,11,2,1,0,2,11,1,3,2,0,28,4,0,2,2,1,0,16,31.5,0.753733,0.012156983870967742,0.131873,50.42622950819672,62.14918032786885,11.745901639344263,46.97260000000001,118.79265784734078,38.320212208819605,38.320212208819605,24.908137935732743,1.9160106104409802,3.8320212208819604,21.076116714850784,1.9160106104409802,5.74803183132294,3.8320212208819604,0.0,53.64829709234745,7.664042441763921,0.0,3.8320212208819604,3.8320212208819604,1.9160106104409802,0.0,30.656169767055683,1.4441604254395115,20,0.7,13,0.8461538461538461
122861,23350,Lienhart,CENTRAL_DEFENDER,CENTRE_LEFT,0.0007,209.48196666666664,258,87,75,8,74,70,69,0,1,0,0,4,0,1,69,0,2,2,1,13,3,2,2,30,11.686274509803921,0.832925,0.003228391472868217,0.202993,74.24031007751938,32.71821705426356,44.97519379844962,94.02281666666666,246.96133154913286,83.27765831307968,70.83387028928617,67.00501243581124,0.9572144633687321,0.0,3.8288578534749282,0.0,0.9572144633687321,66.04779797244251,0.0,1.9144289267374641,1.9144289267374641,0.9572144633687321,12.443788023793516,2.871643390106196,1.9144289267374641,1.9144289267374641,28.71643390106196,0.7972878569014011,83,0.9036144578313253,69,1.0
122861,62650,Sildillia,RIGHT_WINGBACK_DEFENDER,RIGHT,0.9500833333333334,42.2385,58,20,18,2,17,13,13,0,0,0,0,12,0,2,1,0,12,0,0,3,0,0,0,4,16.140350877192983,0.198638,0.003424793103448276,0.013103,64.07368421052631,48.00175438596491,8.014035087719298,47.050216666666664,110.94529143153079,38.25699704535544,32.51844748855213,24.867048079481037,0.0,0.0,22.954198227213265,0.0,3.8256997045355443,1.9128498522677722,0.0,22.954198227213265,0.0,0.0,5.738549556803316,0.0,0.0,0.0,7.651399409071089,0.37996466895476577,20,0.9,13,1.0
122861,94847,Schmidt,LEFT_WINGBACK_DEFENDER,LEFT,167.08646666666667,213.40661666666668,76,26,23,3,20,18,18,0,0,0,0,16,0,3,1,0,11,0,3,4,0,1,1,11,17.56756756756757,0.286262,0.003766605263157895,0.01713,64.53947368421052,46.60131578947368,55.877631578947366,46.97260000000001,145.6168063935145,49.816275871465486,38.320212208819605,34.48819098793764,0.0,0.0,30.656169767055683,0.0,5.74803183132294,1.9160106104409802,0.0,21.076116714850784,0.0,5.74803183132294,7.664042441763921,0.0,1.9160106104409802,1.9160106104409802,21.076116714850784,0.5484810293660559,26,0.8846153846153846,18,1.0
122867,622,Ginter,CENTRAL_DEFENDER,CENTRE,1.0052333333333334,214.820385,133,47,40,5,34,27,27,0,0,0,4,1,0,2,26,0,7,0,5,7,2,1,2,21,20.076335877862597,0.35732200000000003,0.0026866315789473684,0.01207,69.47218045112781,37.53007518796993,30.07894736842105,88.84523333333333,134.72866861737472,47.610882894861746,34.44191528564467,27.35093272683547,0.0,4.051990033605255,1.0129975084013136,0.0,2.0259950168026273,26.337935218434154,0.0,7.090982558809196,0.0,5.064987542006568,7.090982558809196,2.0259950168026273,1.0129975084013136,2.0259950168026273,21.272947676427588,0.3619662956969742,45,0.8888888888888888,27,1.0
122867,862,Sallai,RIGHT_WINGBACK_DEFENDER,RIGHT,0.1998833333333333,207.03115,122,36,18,10,35,29,25,1,2,0,3,25,1,5,0,1,52,5,3,4,3,3,2,26,27.478991596638654,1.009631,0.00827566393442623,0.050264,48.94285714285714,64.8655462184874,8.652100840336134,101.69471666666666,107.97021084182839,31.860062215621493,30.975060487409785,25.665050118139536,1.7700034564234164,2.6550051846351246,22.125043205292705,0.8850017282117082,4.4250086410585405,0.0,0.8850017282117082,46.02008986700883,4.4250086410585405,2.6550051846351246,3.5400069128468328,2.6550051846351246,2.6550051846351246,1.7700034564234164,23.010044933504414,0.8935251798561151,28,0.6428571428571429,26,0.9615384615384616
122867,986,Kübler,LEFT_WINGBACK_DEFENDER,LEFT,1.18815,193.00085,106,31,21,7,26,21,19,0,1,0,2,20,0,1,0,0,14,4,6,5,0,3,1,24,26.5,0.390982,0.003688509433962264,0.019222,60.06981132075472,51.320754716981135,57.181132075471695,91.02096666666667,104.81101606992381,30.65227828460036,25.708362432245465,20.764446579890567,0.9887831704709794,1.9775663409419588,19.77566340941959,0.0,0.9887831704709794,0.0,0.0,13.842964386593712,3.9551326818839176,5.932699022825877,4.943915852354897,0.0,2.9663495114129383,0.9887831704709794,23.730796091303507,0.3865964215570845,28,0.75,19,1.0
122867,1050,Höfler,DEFENSE_MIDFIELD,CENTRE_LEFT,2.327716666666667,203.58376666666663,112,39,32,6,31,19,19,0,1,1,14,0,0,6,8,0,11,4,6,5,0,2,1,33,29.150943396226417,0.79499,0.007227181818181818,0.131873,56.658715596330275,50.26146788990825,37.11284403669725,88.84523333333333,113.45572094094713,39.50690282765123,31.402922760440724,19.24695265962496,1.0129975084013136,14.181965117618391,0.0,0.0,6.077985050407882,8.10398006721051,0.0,11.14297259241445,4.051990033605255,6.077985050407882,5.064987542006568,0.0,2.0259950168026273,1.0129975084013136,33.42891777724335,0.8053228892039603,38,0.8421052631578947,19,1.0
122867,1135,Gulde,CENTRAL_DEFENDER,CENTRE_LEFT,1.1004833333333333,215.44303333333335,166,61,52,5,53,34,33,1,1,0,2,6,0,1,43,0,4,3,0,10,0,0,1,23,15.679012345679013,0.619201,0.0037301265060240966,0.131873,68.3310975609756,39.46463414634146,47.52682926829268,101.69471666666666,146.91028688314356,53.985105420914195,46.90509159522053,30.090058759198076,0.8850017282117082,1.7700034564234164,5.310010369270249,0.0,0.8850017282117082,38.055074313103454,0.0,3.5400069128468328,2.6550051846351246,0.0,8.850017282117081,0.0,0.0,0.8850017282117082,20.355039748869288,0.5479939551104179,57,0.9122807017543859,34,0.9705882352941176
122867,1294,Grifo,CENTER_FORWARD,CENTRE,29.507083333333338,215.41771666666668,121,38,30,6,36,24,24,0,2,0,13,7,1,6,7,0,27,5,1,2,0,0,2,26,24.473684210526315,1.025066,0.008471619834710745,0.073301,51.726050420168065,57.68991596638656,45.96638655462185,55.9773,194.54314516777336,61.09619435020982,57.880605173882984,38.58707011592199,3.2155891763268327,20.90132964612441,11.254562117143914,1.6077945881634164,9.646767528980497,11.254562117143914,0.0,43.41045388041224,8.03897294081708,1.6077945881634164,3.2155891763268327,0.0,0.0,3.2155891763268327,41.80265929224882,1.6480955673103206,36,0.8333333333333334,24,1.0
122867,1320,Eggestein,DEFENSE_MIDFIELD,CENTRE_RIGHT,6.5522833333333335,213.28366666666668,86,28,23,3,22,18,18,0,1,0,6,9,0,2,5,0,23,0,3,4,2,2,2,25,25.609756097560975,0.474753,0.005520383720930232,0.027963,53.230952380952374,56.10357142857143,22.347619047619048,101.69471666666666,76.11014862620691,24.780048389927828,19.47003802065758,15.930031107810747,0.8850017282117082,5.310010369270249,7.965015553905373,0.0,1.7700034564234164,4.4250086410585405,0.0,20.355039748869288,0.0,2.6550051846351246,3.5400069128468328,1.7700034564234164,1.7700034564234164,1.7700034564234164,22.125043205292705,0.4201572254736931,26,0.8846153846153846,18,1.0
122867,9604,Höler,ATTACKING_MIDFIELD,CENTRE_LEFT,3.3994833333333334,193.25486666666663,51,14,9,4,17,4,2,1,3,1,6,0,0,7,0,0,23,7,0,4,1,3,1,28,49.57446808510638,0.505079,0.010101579999999999,0.054816,43.81458333333333,66.98125,41.074999999999996,83.53606666666666,54.9463265767042,15.083305334781546,18.315442192234734,4.309515809937585,3.232136857453188,6.464273714906376,0.0,0.0,7.541652667390773,0.0,0.0,24.77971590714111,7.541652667390773,0.0,4.309515809937585,1.0773789524843962,3.232136857453188,1.0773789524843962,30.16661066956309,0.5441614839418663,13,0.6923076923076923,3,0.6666666666666666
122867,15811,Doan,ATTACKING_MIDFIELD,CENTRE_RIGHT,0.2210833333333333,204.58745166666668,88,27,18,7,27,19,16,2,1,0,12,6,0,8,0,0,44,4,1,3,1,1,1,25,30.705882352941178,0.992224,0.011275272727272728,0.050239,42.87613636363636,69.46704545454546,23.38181818181818,91.02096666666667,87.01291900144619,26.697145602716443,26.697145602716443,18.78688023894861,0.9887831704709794,11.865398045651753,5.932699022825877,0.0,7.910265363767835,0.0,0.0,43.506459500723096,3.9551326818839176,0.9887831704709794,2.9663495114129383,0.9887831704709794,0.9887831704709794,0.9887831704709794,24.719579261774484,0.9810943925373972,25,0.72,18,0.8888888888888888
122867,23350,Lienhart,CENTRAL_DEFENDER,CENTRE_RIGHT,1.679266666666667,214.86568333333335,176,59,51,6,49,44,43,0,1,0,0,5,0,1,43,0,6,1,0,12,0,0,0,18,11.791907514450868,0.38588100000000003,0.002192505681818182,0.023612,70.31314285714285,37.914857142857144,20.293142857142858,101.69471666666666,155.76030416526064,52.215101964490785,43.3650846823737,38.94007604131516,0.8850017282117082,0.0,4.4250086410585405,0.0,0.8850017282117082,38.055074313103454,0.0,5.310010369270249,0.8850017282117082,0.0,10.620020738540498,0.0,0.0,0.0,15.930031107810747,0.3415053518840622,57,0.8947368421052632,43,1.0
122882,622,Ginter,CENTRAL_DEFENDER,CENTRE_RIGHT,1.62545,215.3476333333333,170,61,41,16,49,32,32,0,0,0,2,23,0,3,19,0,18,2,5,8,0,1,1,28,16.646706586826348,0.43548,0.002561647058823529,0.019281,70.26272189349112,40.295266272189345,11.828402366863905,100.8747,151.67331352658297,54.42395367718566,43.71760213413274,28.550270781474442,0.0,1.7843919238421526,20.520507124184753,0.0,2.676587885763229,16.95172327650045,0.0,16.059527314579373,1.7843919238421526,4.460979809605382,7.1375676953686105,0.0,0.8921959619210763,0.8921959619210763,24.981486933790137,0.3885334974973903,57,0.7192982456140351,32,1.0
122882,862,Sallai,RIGHT_WINGBACK_DEFENDER,RIGHT,3.709533333333334,216.06515,123,36,17,15,30,25,21,3,2,0,1,19,1,7,0,0,37,10,4,8,5,5,3,44,37.47899159663866,0.834108,0.006781365853658536,0.131873,62.726229508196724,49.372950819672134,10.412295081967212,100.8747,109.74010331629239,32.11905462915875,26.765878857632288,22.304899048026908,1.7843919238421526,0.8921959619210763,16.95172327650045,0.8921959619210763,6.245371733447534,0.0,0.0,33.01125059107982,8.921959619210764,3.5687838476843052,7.1375676953686105,4.460979809605382,4.460979809605382,2.676587885763229,39.256622324527356,0.744187789406065,32,0.53125,24,0.875
122882,986,Kübler,LEFT_WINGBACK_DEFENDER,LEFT,1.5265166666666663,202.84456666666668,74,21,15,5,19,15,12,2,1,0,2,13,0,2,2,0,32,0,2,5,1,2,1,13,22.916666666666668,0.464824,0.006281405405405406,0.023612,54.87260273972603,57.26575342465753,54.773972602739725,88.23953333333334,75.47637377955307,21.418970937440736,19.379068943398764,15.299264955314813,1.0199509970209875,2.039901994041975,13.259362961272837,0.0,2.039901994041975,2.039901994041975,0.0,32.6384319046716,0.0,2.039901994041975,5.099754985104937,1.0199509970209875,2.039901994041975,1.0199509970209875,13.259362961272837,0.47409770223928355,20,0.75,14,0.8571428571428571
122882,1294,Grifo,LEFT_WINGER,LEFT,0.6519833333333334,194.09866666666667,75,24,12,11,19,10,10,0,1,0,3,9,0,4,2,0,31,5,2,4,2,2,2,30,33.611111111111114,1.036151,0.013815346666666667,0.202993,51.27333333333333,60.41066666666667,45.472,77.47153333333334,87.12877762412515,27.88120883972005,22.072623664778373,11.617170349883354,1.1617170349883355,3.485151104965006,10.455453314895019,0.0,4.646868139953342,2.323434069976671,0.0,36.0132280846384,5.808585174941677,2.323434069976671,4.646868139953342,2.323434069976671,2.323434069976671,2.323434069976671,34.851511049650064,1.2037142675201988,23,0.5217391304347826,10,1.0
122882,1320,Eggestein,DEFENSE_MIDFIELD,CENTRE_LEFT,3.2182166666666663,215.1152516666667,128,47,34,8,30,26,25,1,0,0,9,1,0,5,13,0,6,0,4,14,0,1,4,46,32.301587301587304,0.365003,0.0028515859375,0.01467,64.90703125,42.075,38.2953125,100.8747,114.20108312589777,41.93321021029059,26.765878857632288,23.197095009947983,0.0,8.029763657289687,0.8921959619210763,0.0,4.460979809605382,11.598547504973991,0.0,5.353175771526458,0.0,3.5687838476843052,12.490743466895069,0.0,0.8921959619210763,3.5687838476843052,41.04101424836951,0.32565420268907863,42,0.8095238095238095,26,0.9615384615384616
122882,9604,Höler,CENTER_FORWARD,CENTRE,0.9417833333333332,204.139085,101,33,20,13,29,18,15,2,1,0,11,2,0,8,1,0,35,13,3,6,3,4,1,54,47.244897959183675,1.063258,0.01052730693069307,0.131873,50.86831683168317,57.467326732673264,30.364356435643565,88.23953333333334,103.01505069911974,33.65838290169258,29.578578913608638,18.359117946377776,1.0199509970209875,11.219460967230862,2.039901994041975,0.0,8.1596079761679,1.0199509970209875,0.0,35.69828489573456,13.259362961272837,3.0598529910629626,6.119705982125925,3.0598529910629626,4.07980398808395,1.0199509970209875,55.07735383913332,1.0844710571905412,33,0.6060606060606061,17,0.8823529411764706
122882,15811,Doan,RIGHT_WINGER,RIGHT,0.9559833333333334,189.09526666666667,79,25,13,8,21,14,11,3,1,0,2,7,0,8,0,0,31,3,3,4,0,0,6,49,52.13333333333333,0.464677,0.005881987341772152,0.030389,50.177215189873415,61.16835443037975,16.5746835443038,77.47153333333334,91.77564576407849,29.042925874708384,24.396057734755043,16.264038489836697,1.1617170349883355,2.323434069976671,8.132019244918348,0.0,9.293736279906684,0.0,0.0,36.0132280846384,3.485151104965006,3.485151104965006,4.646868139953342,0.0,0.0,6.970302209930012,56.92413471442843,0.5398231866672748,21,0.6190476190476191,14,0.7857142857142857
122882,23350,Lienhart,CENTRAL_DEFENDER,CENTRE,2.2359166666666668,215.27263333333337,160,52,42,9,41,38,36,1,0,0,0,0,0,1,39,0,1,1,4,11,2,4,0,22,14.155844155844155,0.261541,0.0016346312500000002,0.006337,75.87232704402516,30.235849056603772,35.65345911949685,100.8747,142.75135390737222,46.394190019895966,36.58003443876413,33.9034465530009,0.0,0.0,0.0,0.0,0.8921959619210763,34.79564251492197,0.0,0.8921959619210763,0.8921959619210763,3.5687838476843052,9.814155581131839,1.7843919238421526,3.5687838476843052,0.0,19.628311162263678,0.23334582407680024,51,0.8235294117647058,37,0.972972972972973
122882,27747,Keitel,DEFENSE_MIDFIELD,CENTRE_RIGHT,0.17825,214.554635,101,28,21,7,24,18,13,4,0,0,9,5,1,6,1,0,25,3,7,3,6,7,3,34,38.958333333333336,0.503142,0.004981603960396039,0.020659,54.561616161616165,55.0040404040404,28.107070707070704,100.8747,90.1117921540287,24.981486933790137,21.412703086105832,16.059527314579373,0.0,8.029763657289687,4.460979809605382,0.8921959619210763,5.353175771526458,0.8921959619210763,0.0,22.304899048026908,2.676587885763229,6.245371733447534,2.676587885763229,5.353175771526458,6.245371733447534,2.676587885763229,30.334662705316596,0.44890126067289415,28,0.75,17,0.7647058823529411
122882,62650,Sildillia,CENTRAL_DEFENDER,CENTRE_LEFT,0.90255,215.92310166666667,192,61,47,11,45,41,39,1,0,0,0,14,0,3,28,0,3,0,3,18,1,5,4,47,21.420765027322403,0.317541,0.0016538593750000002,0.014268,76.96684210526317,31.998947368421053,54.340526315789475,100.8747,171.30162468884666,54.42395367718566,40.14881828644843,36.58003443876413,0.0,0.0,12.490743466895069,0.0,2.676587885763229,24.981486933790137,0.0,2.676587885763229,0.0,2.676587885763229,16.059527314579373,0.8921959619210763,4.460979809605382,3.5687838476843052,41.93321021029059,0.2833087979443805,58,0.8103448275862069,40,0.975
122891,622,Ginter,CENTRAL_DEFENDER,CENTRE_RIGHT,1.6513166666666663,214.19643333333337,116,41,32,7,29,20,20,0,0,0,4,5,0,1,19,0,0,0,2,10,3,3,1,21,18.938053097345133,0.204371,0.0017618189655172413,0.006337,74.44827586206897,33.463793103448275,19.675862068965518,99.94685,104.45551810787434,36.91962277950731,26.113879526968585,18.009572087564543,0.0,3.601914417512908,4.502393021891136,0.0,0.900478604378227,17.109093483186314,0.0,0.0,0.0,1.800957208756454,9.004786043782271,2.701435813134681,2.701435813134681,0.900478604378227,18.910050691942768,0.18403171285538264,39,0.8205128205128205,20,1.0
122891,862,Sallai,RIGHT_WINGBACK_DEFENDER,RIGHT,1.6913333333333334,208.625185,102,37,21,11,32,19,18,0,0,0,3,20,0,3,0,1,31,4,1,6,0,1,0,27,27.11340206185567,0.605163,0.005932970588235294,0.050264,61.21584158415842,50.41881188118812,11.815841584158417,91.8599,99.9347920039103,36.25085592298707,31.352091609069902,18.615304392885253,0.0,2.9392585883503033,19.59505725566869,0.0,2.9392585883503033,0.0,0.9797528627834344,30.372338746286466,3.9190114511337377,0.9797528627834344,5.878517176700607,0.0,0.9797528627834344,0.0,26.45332729515273,0.5929101817006115,32,0.65625,18,1.0
122891,986,Kübler,LEFT_WINGBACK_DEFENDER,LEFT,1.3228666666666666,215.943585,112,31,25,6,26,16,13,1,0,0,0,21,0,5,0,0,14,0,2,8,5,7,1,32,26.666666666666668,0.285702,0.0025509107142857143,0.01713,65.97027027027026,46.074774774774774,60.883783783783784,99.94685,100.85360369036142,27.91483673572504,23.412443713833902,14.407657670051632,0.0,0.0,18.910050691942768,0.0,4.502393021891136,0.0,0.0,12.606700461295178,0.0,1.800957208756454,7.203828835025816,4.502393021891136,6.303350230647589,0.900478604378227,28.815315340103265,0.2572685382280682,31,0.8064516129032258,14,0.9285714285714286
122891,1294,Grifo,CENTRAL_MIDFIELD,CENTRE_LEFT,0.8980166666666667,192.98850166666668,110,33,16,13,35,24,19,3,3,1,13,8,1,9,3,0,27,8,2,3,1,1,0,24,23.925233644859812,1.4417110000000002,0.01322670642201835,0.789325,56.74403669724771,53.91834862385321,48.53394495412844,56.34311666666667,175.70912980497175,52.71273894149152,55.90745039249101,38.33653741199383,4.792067176499229,20.76562443149666,12.778845803997944,1.597355725499743,14.376201529497688,4.792067176499229,0.0,43.12860458849306,12.778845803997944,3.194711450999486,4.792067176499229,1.597355725499743,1.597355725499743,0.0,38.33653741199383,2.3029253203659605,29,0.5517241379310345,22,0.8636363636363636
122891,1320,Eggestein,DEFENSE_MIDFIELD,CENTRE,0.6789833333333333,215.528935,180,60,50,7,53,41,39,0,1,0,25,6,0,10,12,0,17,0,4,8,1,3,4,36,23.27683615819209,0.774232,0.004301288888888889,0.029121,62.788700564971755,44.05875706214689,38.26553672316384,99.94685,162.08614878808086,54.02871626269362,47.72536603204603,36.91962277950731,0.900478604378227,22.511965109455677,5.402871626269362,0.0,9.004786043782271,10.805743252538724,0.0,15.30813627442986,0.0,3.601914417512908,7.203828835025816,0.900478604378227,2.701435813134681,3.601914417512908,32.41722975761618,0.6971793508249635,57,0.8771929824561403,39,1.0
122891,9604,Höler,CENTER_FORWARD,CENTRE,1.26805,209.07651666666663,83,33,20,10,27,14,13,0,0,0,5,7,0,5,0,1,26,2,1,4,2,0,1,37,42.926829268292686,0.634388,0.00764322891566265,0.030273,51.27710843373494,57.66024096385542,42.20361445783133,76.12645,98.12620974707214,39.014035200643136,31.920574255071656,16.55140887300012,0.0,5.9112174546429,8.27570443650006,0.0,5.9112174546429,0.0,1.18224349092858,30.73833076414308,2.36448698185716,1.18224349092858,4.72897396371432,2.36448698185716,0.0,1.18224349092858,43.74300916435746,0.7500010837231998,30,0.6666666666666666,13,1.0
122891,15811,Doan,ATTACKING_MIDFIELD,CENTRE,0.7363833333333333,193.059235,62,20,7,11,16,12,10,2,1,0,7,4,1,4,0,0,23,4,2,5,2,2,1,22,34.91803278688525,0.5450539999999999,0.008791193548387095,0.035805,50.9741935483871,58.769354838709674,27.488709677419354,76.12645,73.29909643757196,23.6448698185716,18.91589585485728,14.186921891142958,1.18224349092858,8.27570443650006,4.72897396371432,1.18224349092858,4.72897396371432,0.0,0.0,27.19160029135734,4.72897396371432,2.36448698185716,5.9112174546429,2.36448698185716,2.36448698185716,1.18224349092858,26.00935680042876,0.644386543704586,18,0.3888888888888889,12,0.8333333333333334
122891,23350,Lienhart,CENTRAL_DEFENDER,CENTRE,0.2811333333333333,215.895885,215,71,56,15,56,48,47,0,2,1,0,3,0,0,52,0,5,5,4,15,1,2,2,30,15.598086124401913,0.671583,0.0031382383177570097,0.131873,74.4075117370892,32.82206572769953,45.48122065727699,99.94685,193.6028999413188,63.93398091085412,50.42680184518071,43.222973010154895,1.800957208756454,0.0,2.701435813134681,0.0,0.0,46.824887427667804,0.0,4.502393021891136,4.502393021891136,3.601914417512908,13.507179065673405,0.900478604378227,1.800957208756454,1.800957208756454,27.01435813134681,0.6047461225641428,71,0.7887323943661971,47,1.0
122891,62650,Sildillia,CENTRAL_DEFENDER,CENTRE_LEFT,0.4766,217.4244833333333,150,45,29,13,31,27,24,3,0,0,0,13,0,2,13,0,7,0,5,15,2,5,2,41,24.25531914893617,0.280385,0.0018692333333333333,0.010148,72.80340136054421,37.070748299319725,39.531292517006804,91.8599,146.96292941751517,44.08887882525455,30.372338746286466,26.45332729515273,0.0,0.0,12.736787216184647,0.0,1.9595057255668689,12.736787216184647,0.0,6.858270039484041,0.0,4.898764313917172,14.696292941751516,1.9595057255668689,4.898764313917172,1.9595057255668689,40.16986737412081,0.27470800643153326,42,0.6904761904761905,27,0.8888888888888888
122891,68933,Röhl,CENTRAL_MIDFIELD,CENTRE_RIGHT,21.184116666666668,214.33016666666663,88,23,21,1,20,23,18,2,1,0,12,2,0,2,4,0,33,4,7,2,4,4,1,29,34.11764705882353,0.613542,0.006972068181818183,0.054816,51.699999999999996,57.32790697674418,27.27906976744186,56.34311666666667,140.56730384397738,36.73918168649409,31.94711450999486,36.73918168649409,1.597355725499743,19.168268705996915,3.194711450999486,0.0,3.194711450999486,6.389422901998972,0.0,52.71273894149152,6.389422901998972,11.181490078498202,3.194711450999486,6.389422901998972,6.389422901998972,1.597355725499743,46.323316039492546,0.9800448265345634,22,0.9545454545454546,20,0.9
122899,862,Sallai,CENTER_FORWARD,CENTRE_RIGHT,0.1875,192.37565166666667,76,28,19,5,23,12,11,0,0,0,14,1,0,4,0,1,0,0,3,2,2,1,1,27,38.19444444444444,0.304347,0.004004565789473684,0.011499,61.9986111111111,46.138888888888886,38.61805555555556,86.79726666666667,78.80432486737293,29.03317231955845,23.84867726249444,12.44278813695362,0.0,14.516586159779225,1.0368990114128016,0.0,4.147596045651206,0.0,1.0368990114128016,0.0,0.0,3.110697034238405,2.073798022825603,2.073798022825603,1.0368990114128016,1.0368990114128016,27.996273308145646,0.3155771034264519,24,0.7916666666666666,11,1.0
122899,986,Kübler,LEFT_WINGBACK_DEFENDER,LEFT,3.4063666666666665,214.38916666666668,94,28,23,4,22,18,17,1,0,0,2,11,0,6,2,0,7,0,3,4,3,4,4,32,35.0,0.216622,0.0023044893617021277,0.010148,75.87765957446808,34.14148936170213,53.71808510638298,70.88165000000001,119.3538807293566,35.55221979172324,27.93388697921112,22.85499843753637,0.0,2.5394442708373743,13.96694348960556,0.0,7.618332812512123,2.5394442708373743,0.0,8.88805494793081,0.0,3.8091664062560615,5.078888541674749,3.8091664062560615,5.078888541674749,5.078888541674749,40.63110833339799,0.27504974841866686,27,0.8518518518518519,18,0.9444444444444444
122899,1135,Gulde,CENTRAL_DEFENDER,CENTRE_LEFT,0.8705833333333334,215.3478166666667,119,40,26,10,30,17,16,0,0,0,2,7,0,5,15,0,3,0,5,7,2,3,7,40,32.05357142857143,0.186717,0.0015690504201680672,0.005388,78.19830508474575,29.34576271186441,47.110169491525426,97.07506666666667,110.3269909334769,37.084702834782156,27.813527126086615,15.760998704782414,0.0,1.8542351417391076,6.489822996086877,0.0,4.6355878543477695,13.906763563043308,0.0,2.7813527126086615,0.0,4.6355878543477695,6.489822996086877,1.8542351417391076,2.7813527126086615,6.489822996086877,37.084702834782156,0.17310861148005047,36,0.7222222222222222,16,1.0
122899,1294,Grifo,LEFT_WINGER,LEFT,3.4785,214.10575,87,31,18,11,28,16,15,1,0,0,12,9,0,6,0,0,21,2,1,4,0,1,0,17,25.0,0.622748,0.007158022988505747,0.041196,56.752873563218394,53.84942528735632,47.04252873563218,70.88165000000001,110.46582578142579,39.3613861979793,35.55221979172324,20.315554166698995,0.0,15.236665625024246,11.427499218768185,0.0,7.618332812512123,0.0,0.0,26.66416484379243,2.5394442708373743,1.2697221354186872,5.078888541674749,0.0,1.2697221354186872,0.0,21.585276302117684,0.7907169203877166,29,0.6206896551724138,16,0.9375
122899,1320,Eggestein,DEFENSE_MIDFIELD,CENTRE_LEFT,3.9474,204.93386833333335,106,36,30,2,28,24,24,0,0,0,10,1,0,6,11,0,4,0,4,6,1,3,4,39,36.509433962264154,0.284548,0.002684415094339623,0.013561,66.20283018867924,40.596226415094335,39.44716981132075,86.79726666666667,109.91129520975699,37.328364410860864,29.03317231955845,24.88557627390724,0.0,10.368990114128017,1.0368990114128016,0.0,6.22139406847681,11.405889125540819,0.0,4.147596045651206,0.0,4.147596045651206,6.22139406847681,1.0368990114128016,3.110697034238405,4.147596045651206,40.43906144509927,0.29504753989948995,32,0.9375,24,1.0
122899,9604,Höler,CENTER_FORWARD,CENTRE_LEFT,3.808483333333333,188.10360166666663,63,17,14,3,19,11,8,2,1,0,10,1,0,7,0,1,11,3,2,4,1,5,0,26,40.333333333333336,0.514403,0.008165126984126985,0.118009,65.36774193548386,42.21451612903226,33.582258064516125,47.93086666666667,118.29537820444168,31.920975071039816,35.67638390292685,20.654748575378704,1.8777044159435186,18.777044159435185,1.8777044159435186,0.0,13.143930911604631,0.0,1.8777044159435186,20.654748575378704,5.633113247830556,3.755408831887037,7.510817663774074,1.8777044159435186,9.388522079717593,0.0,48.820314814531486,0.965896784674594,17,0.8235294117647058,10,0.8
122899,15811,Doan,RIGHT_WINGER,RIGHT,0.9020166666666668,186.16676666666663,38,14,9,2,12,6,6,0,0,0,2,4,0,2,1,0,2,0,1,1,1,1,0,16,35.833333333333336,0.169932,0.004471894736842105,0.019974,58.96216216216216,51.491891891891896,12.564864864864864,70.88165000000001,48.24944114591011,17.77610989586162,15.236665625024246,7.618332812512123,0.0,2.5394442708373743,5.078888541674749,0.0,2.5394442708373743,1.2697221354186872,0.0,2.5394442708373743,0.0,1.2697221354186872,1.2697221354186872,1.2697221354186872,1.2697221354186872,0.0,20.315554166698995,0.21576642191596834,11,0.8181818181818182,6,1.0
122899,23350,Lienhart,CENTRAL_DEFENDER,CENTRE_RIGHT,0.1108499999999999,202.401315,119,39,29,8,28,21,21,0,0,0,0,2,0,4,22,0,3,0,3,10,4,6,4,31,25.593220338983052,0.192297,0.0016159411764705882,0.029121,78.93109243697478,27.511764705882353,26.094117647058823,97.07506666666667,110.3269909334769,36.1575852639126,25.95929198434751,19.46946898826063,0.0,0.0,1.8542351417391076,0.0,3.7084702834782153,20.396586559130185,0.0,2.7813527126086615,0.0,2.7813527126086615,9.271175708695539,3.7084702834782153,5.562705425217323,3.7084702834782153,28.740644696956167,0.17828192752550256,37,0.7837837837837838,21,1.0
122899,62650,Sildillia,RIGHT_WINGBACK_DEFENDER,RIGHT,0.2230833333333333,215.55186666666663,137,43,26,12,27,30,28,1,0,0,0,23,1,3,0,0,22,4,7,11,2,2,2,40,26.307692307692307,0.556148,0.004059474452554744,0.041196,68.68507462686567,41.60970149253731,11.417164179104478,97.07506666666667,127.01510720912887,39.866055547390815,25.032174413477954,27.813527126086615,0.0,0.0,21.323704129999737,0.9271175708695538,2.7813527126086615,0.0,0.0,20.396586559130185,3.7084702834782153,6.489822996086877,10.198293279565092,1.8542351417391076,1.8542351417391076,1.8542351417391076,37.084702834782156,0.5156145828039607,38,0.6842105263157895,29,0.9655172413793104
122899,68933,Röhl,DEFENSE_MIDFIELD,CENTRE_RIGHT,3.270866666666667,46.50403333333334,39,12,7,5,11,8,7,0,0,0,5,1,0,5,0,0,0,0,0,3,0,1,2,17,41.08108108108108,0.119556,0.0030655384615384616,0.007656,64.34102564102565,42.3025641025641,25.225641025641025,47.93086666666667,73.23047222179723,22.532452991322224,20.654748575378704,15.021635327548148,0.0,9.388522079717593,1.8777044159435186,0.0,9.388522079717593,0.0,0.0,0.0,0.0,0.0,5.633113247830556,0.0,1.8777044159435186,3.755408831887037,31.920975071039816,0.22449082915254331,12,0.5833333333333334,7,1.0
122903,622,Ginter,CENTRAL_DEFENDER,CENTRE_RIGHT,0.70605,216.879985,200,69,49,12,48,42,41,1,0,0,1,7,0,1,37,0,14,1,6,18,1,3,0,38,18.76923076923077,0.579759,0.002898795,0.011315,65.2325,43.446999999999996,14.972999999999999,100.23088333333334,179.58536731775783,61.95695172462646,43.10048815626188,37.71292713672915,0.0,0.8979268365887892,6.285487856121525,0.0,0.8979268365887892,33.2232929537852,0.0,12.57097571224305,0.8979268365887892,5.387561019532735,16.162683058598205,0.8979268365887892,2.6937805097663676,0.0,34.12121979037399,0.5205811648538798,61,0.8032786885245902,42,0.9761904761904762
122903,862,Sallai,RIGHT_WINGER,RIGHT,1.98535,192.72016666666664,75,25,16,8,23,13,11,2,0,0,7,10,1,2,0,0,39,6,1,2,4,3,1,23,33.75,0.659885,0.008798466666666668,0.041196,44.68666666666667,68.812,22.570666666666668,76.94723333333333,87.72245222591933,29.240817408639774,26.901552015948592,15.205225052492683,0.0,8.187428874419137,11.69632696345591,1.169632696345591,2.339265392691182,0.0,0.0,45.61567515747805,7.017796178073546,1.169632696345591,2.339265392691182,4.678530785382364,3.508898089036773,1.169632696345591,26.901552015948592,0.7718230718280104,24,0.6666666666666666,13,0.8461538461538461
122903,930,Philipp,CENTER_FORWARD,CENTRE,6.148733333333333,192.78906666666663,65,20,15,3,21,13,12,0,1,0,9,1,1,7,0,0,28,5,1,0,2,3,0,31,40.98360655737705,0.850724,0.013088061538461539,0.131579,42.953968253968256,67.26507936507936,26.147619047619045,76.94723333333333,76.02612526246341,23.39265392691182,24.56228662325741,15.205225052492683,1.169632696345591,10.526694267110319,1.169632696345591,1.169632696345591,8.187428874419137,0.0,0.0,32.74971549767655,5.848163481727955,1.169632696345591,0.0,2.339265392691182,3.508898089036773,0.0,36.258613586713324,0.9950346059659066,18,0.8333333333333334,12,1.0
122903,1050,Höfler,DEFENSE_MIDFIELD,CENTRE_LEFT,2.0703666666666667,215.141635,108,35,30,4,27,25,23,2,0,0,7,1,0,3,15,0,26,2,4,8,2,3,2,34,38.113207547169814,0.542786,0.0050257962962962964,0.020659,56.03551401869159,51.4,30.1588785046729,100.23088333333334,96.97609835158923,31.427439280607622,24.244024587897307,22.44817091471973,0.0,6.285487856121525,0.8979268365887892,0.0,2.6937805097663676,13.468902548831839,0.0,23.34609775130852,1.7958536731775785,3.591707346355157,7.183414692710314,1.7958536731775785,2.6937805097663676,1.7958536731775785,30.529512444018835,0.48738211592468256,34,0.8823529411764706,25,0.92
122903,1135,Gulde,CENTRAL_DEFENDER,CENTRE_LEFT,0.1969166666666666,216.94885166666663,156,52,48,3,45,34,34,0,2,0,0,10,0,0,34,0,16,4,3,10,2,5,0,17,14.052287581699346,0.774553,0.0049650833333333335,0.109436,58.99677419354839,49.612258064516126,49.329677419354844,100.23088333333334,140.07658650785112,46.69219550261704,40.40670764649551,30.529512444018835,1.7958536731775785,0.0,8.979268365887892,0.0,0.0,30.529512444018835,0.0,14.366829385420628,3.591707346355157,2.6937805097663676,8.979268365887892,1.7958536731775785,4.489634182943946,0.0,15.264756222009417,0.6954919250603565,51,0.9411764705882353,34,1.0
122903,1294,Grifo,LEFT_WINGER,LEFT,0.26315,208.7784,175,54,39,10,56,41,39,1,4,1,12,29,1,9,5,0,84,5,0,3,1,2,0,30,20.532544378698226,2.357733,0.013550189655172414,0.789325,45.913372093023256,67.6406976744186,43.930813953488375,92.31438333333334,170.61263295373075,52.646183882865486,54.59604254519384,39.97210257773121,3.8997173246567027,11.699151973970109,28.272950603761096,0.9749293311641757,8.774363980477581,4.874646655820879,0.0,81.89406381779075,4.874646655820879,0.0,2.924787993492527,0.9749293311641757,1.9498586623283514,0.0,29.247879934925272,2.298623056753706,49,0.7959183673469388,40,0.975
122903,1320,Eggestein,DEFENSE_MIDFIELD,CENTRE_RIGHT,6.308783333333333,213.05876666666663,135,41,27,7,33,30,26,2,3,0,16,9,0,1,4,0,48,7,7,8,2,2,2,32,27.8125,1.333601,0.009878525925925927,0.103166,49.7060606060606,59.58257575757575,21.13560606060606,100.23088333333334,121.22012293948654,36.815000300140355,29.631585607430043,26.937805097663677,2.6937805097663676,14.366829385420628,8.081341529299102,0.0,0.8979268365887892,3.591707346355157,0.0,43.10048815626188,6.285487856121525,6.285487856121525,7.183414692710314,1.7958536731775785,1.7958536731775785,1.7958536731775785,28.733658770841256,1.1974761272016459,34,0.7941176470588235,28,0.9285714285714286
122903,15811,Doan,RIGHT_WINGBACK_DEFENDER,RIGHT,1.7041333333333335,192.86705,127,37,25,6,34,29,26,3,4,1,3,24,1,3,0,1,53,15,1,9,3,3,0,32,28.617886178861788,2.732217,0.021684261904761904,0.523887,48.12822580645161,64.76774193548387,14.959677419354838,86.37405,132.33141203868524,38.55324602701853,35.42730715996298,30.217409048203717,4.167918489407409,3.125938867055557,25.007510936444454,1.0419796223518523,3.125938867055557,0.0,1.0419796223518523,55.22491998464817,15.629694335277783,1.0419796223518523,9.37781660116667,3.125938867055557,3.125938867055557,0.0,33.34334791525927,2.846914437843311,31,0.8064516129032258,29,0.896551724137931
122903,23350,Lienhart,CENTRAL_DEFENDER,CENTRE,1.3618,216.909985,234,81,66,8,69,60,59,1,1,0,1,3,0,3,62,0,6,3,2,12,1,1,0,26,13.434782608695652,0.939614,0.004015444444444444,0.131873,64.11666666666666,42.30555555555556,32.914529914529915,100.23088333333334,210.11487976177668,72.73207376369193,61.95695172462646,53.875610195327354,0.8979268365887892,0.8979268365887892,2.6937805097663676,0.0,2.6937805097663676,55.67146386850493,0.0,5.387561019532735,2.6937805097663676,1.7958536731775785,10.77512203906547,0.8979268365887892,0.8979268365887892,0.0,23.34609775130852,0.8437046266345385,74,0.8918918918918919,60,0.9833333333333333
122903,94862,Weißhaupt,LEFT_WINGBACK_DEFENDER,LEFT,2.50855,199.76246833333337,124,38,28,6,36,33,29,1,0,0,1,33,1,1,0,0,51,7,2,7,0,1,1,8,14.132231404958677,0.828813,0.006683975806451613,0.040145,52.37886178861789,62.68373983739838,59.71869918699187,86.37405,129.20547317162968,39.595225649370384,37.51126640466668,34.385327537611126,0.0,1.0419796223518523,34.385327537611126,1.0419796223518523,1.0419796223518523,0.0,0.0,53.14096073994446,7.293857356462966,2.0839592447037045,7.293857356462966,0.0,1.0419796223518523,1.0419796223518523,8.335836978814818,0.8636062567403057,34,0.8235294117647058,30,0.9666666666666667
122912,622,Ginter,CENTRAL_DEFENDER,CENTRE_RIGHT,2.10695,209.65780166666667,128,47,29,17,33,29,29,0,0,0,0,4,0,0,27,0,10,2,2,12,0,0,0,12,13.306451612903226,0.35274700000000003,0.0027558359375000003,0.016746,73.0015625,35.33203125,19.365625,96.6469,119.19678748102629,43.76757040318934,30.73042177245209,27.00552216367002,0.0,0.0,3.7248996087820716,0.0,0.0,25.14307235927898,0.0,9.312249021955179,1.8624498043910358,1.8624498043910358,11.174698826346214,0.0,0.0,0.0,11.174698826346214,0.3284867905747624,46,0.6304347826086957,29,1.0
122912,986,Kübler,LEFT_WINGBACK_DEFENDER,LEFT,0.3740666666666666,217.15650166666668,91,24,13,6,19,16,15,0,1,0,2,12,0,1,2,0,14,2,1,8,1,3,4,19,24.88095238095238,0.329778,0.003623934065934066,0.023855,64.96741573033708,45.53820224719101,52.416853932584274,96.6469,84.74146609979213,22.349397652692428,17.69327314171484,14.899598435128286,0.9312249021955179,1.8624498043910358,11.174698826346214,0.0,0.9312249021955179,1.8624498043910358,0.0,13.037148630737251,1.8624498043910358,0.9312249021955179,7.449799217564143,0.9312249021955179,2.7936747065865535,3.7248996087820716,17.69327314171484,0.3070974857962335,19,0.6842105263157895,15,1.0
122912,1050,Höfler,DEFENSE_MIDFIELD,CENTRE,1.94545,215.80936666666668,100,30,24,5,23,24,23,1,0,0,10,1,0,1,11,0,4,1,2,8,4,6,0,27,28.571428571428573,0.336488,0.00336488,0.06123,68.28399999999999,38.849000000000004,31.47,96.6469,93.12249021955179,27.936747065865536,21.41817275049691,22.349397652692428,0.0,9.312249021955179,0.9312249021955179,0.0,0.9312249021955179,10.243473924150697,0.0,3.7248996087820716,0.9312249021955179,1.8624498043910358,7.449799217564143,3.7248996087820716,5.587349413173107,0.0,25.14307235927898,0.31334600488996545,29,0.8275862068965517,24,0.9583333333333334
122912,1294,Grifo,LEFT_WINGER,LEFT,0.5579999999999999,201.30148333333332,55,16,9,5,11,8,8,0,0,0,1,6,0,3,1,0,10,0,3,4,1,3,0,13,26.923076923076923,0.323892,0.005888945454545455,0.06123,62.983333333333334,49.55185185185186,55.93888888888888,67.16145,73.7029947983553,21.440871214067,14.740598959671061,10.7204356070335,0.0,1.3400544508791874,8.040326705275124,0.0,4.020163352637562,1.3400544508791874,0.0,13.400544508791873,0.0,4.020163352637562,5.36021780351675,1.3400544508791874,4.020163352637562,0.0,17.420707861429435,0.4340329162041618,14,0.6428571428571429,8,1.0
122912,1320,Eggestein,CENTRAL_MIDFIELD,CENTRE_RIGHT,11.29315,186.958585,43,14,10,4,10,10,10,0,0,0,3,2,0,0,5,0,0,0,3,1,2,2,0,8,29.047619047619047,0.085358,0.0019850697674418604,0.005388,74.8047619047619,33.40952380952381,15.423809523809522,67.16145,57.62234138780506,18.76076231230862,13.400544508791873,13.400544508791873,0.0,4.020163352637562,2.680108901758375,0.0,0.0,6.700272254395936,0.0,0.0,0.0,4.020163352637562,1.3400544508791874,2.680108901758375,2.680108901758375,0.0,10.7204356070335,0.11438436781814568,14,0.7142857142857143,10,1.0
122912,9604,Höler,CENTER_FORWARD,CENTRE,1.2969,214.68111666666667,95,34,20,14,27,13,12,0,2,0,8,6,0,4,0,0,33,9,7,4,1,2,3,41,41.935483870967744,0.743377,0.007825021052631578,0.045855,50.40752688172043,59.21075268817205,26.629032258064516,67.16145,127.3051728335228,45.56185132989237,36.181470173738056,17.420707861429435,2.680108901758375,10.7204356070335,8.040326705275124,0.0,5.36021780351675,0.0,0.0,44.22179687901318,12.060490057912686,9.38038115615431,5.36021780351675,1.3400544508791874,2.680108901758375,4.020163352637562,54.942232486046684,0.9961656575312177,34,0.5882352941176471,12,1.0
122912,15811,Doan,RIGHT_WINGER,RIGHT,1.44595,209.53595,87,29,16,12,20,14,14,0,0,0,2,7,2,8,0,0,34,4,3,6,1,1,2,32,38.625,0.77143,0.008867011494252872,0.10014,56.92906976744186,55.961627906976744,12.565116279069766,67.16145,116.5847372264893,38.86157907549644,26.801089017583745,18.76076231230862,0.0,2.680108901758375,9.38038115615431,2.680108901758375,10.7204356070335,0.0,0.0,45.56185132989237,5.36021780351675,4.020163352637562,8.040326705275124,1.3400544508791874,1.3400544508791874,2.680108901758375,42.881742428134,1.0337582050417313,28,0.5714285714285714,14,1.0
122912,23350,Lienhart,CENTRAL_DEFENDER,CENTRE_LEFT,4.460483333333333,183.99045,70,25,14,6,20,14,14,0,0,0,0,0,0,2,15,0,0,0,1,5,0,1,0,14,22.941176470588236,0.097246,0.0013892285714285715,0.005388,80.67857142857143,25.718571428571426,42.04,67.16145,93.80381156154311,33.50136127197968,26.801089017583745,18.76076231230862,0.0,0.0,0.0,0.0,2.680108901758375,20.10081676318781,0.0,0.0,0.0,1.3400544508791874,6.700272254395936,0.0,1.3400544508791874,0.0,18.76076231230862,0.13031493513019746,20,0.7,14,1.0
122912,62650,Sildillia,RIGHT_WINGBACK_DEFENDER,RIGHT,2.0158,213.33376666666663,132,38,29,6,35,31,28,2,2,0,5,20,1,5,4,0,41,7,1,7,1,1,2,22,22.421875,0.950335,0.007199507575757576,0.131579,61.051908396946565,50.396946564885496,11.721374045801527,67.16145,176.88718751605273,50.92206913340912,46.90190578077156,41.54168797725481,2.680108901758375,6.700272254395936,26.801089017583745,1.3400544508791874,6.700272254395936,5.36021780351675,0.0,54.942232486046684,9.38038115615431,1.3400544508791874,9.38038115615431,1.3400544508791874,1.3400544508791874,2.680108901758375,29.481197919342122,1.2735006465762726,35,0.8285714285714286,30,0.9333333333333333
122912,68933,Röhl,CENTRAL_MIDFIELD,CENTRE_LEFT,2.13375,192.2108,48,12,5,6,13,14,11,1,1,0,6,1,0,6,0,0,11,1,0,2,2,1,1,23,44.78260869565217,0.226929,0.0047276875,0.020207,65.06170212765957,43.148936170212764,35.63191489361702,67.16145,64.32261364220099,16.080653410550248,17.420707861429435,18.76076231230862,1.3400544508791874,8.040326705275124,1.3400544508791874,0.0,8.040326705275124,0.0,0.0,14.740598959671061,1.3400544508791874,0.0,2.680108901758375,2.680108901758375,1.3400544508791874,1.3400544508791874,30.82125237022131,0.3040972164835631,11,0.45454545454545453,12,0.9166666666666666
122921,622,Ginter,CENTRAL_DEFENDER,CENTRE_RIGHT,0.25405,210.513485,325,109,97,10,97,95,93,2,0,0,2,4,0,1,90,0,19,0,0,15,0,1,4,20,7.94392523364486,1.009975,0.003107615384615385,0.010923,62.928923076923084,45.156,18.461846153846157,101.10546666666667,289.30186432385455,97.02739449630815,86.34547950588889,84.56516034081902,0.0,1.7803191650698742,3.5606383301397484,0.0,0.8901595825349371,80.11436242814433,0.0,16.913032068163805,0.0,0.0,13.352393738024055,0.0,0.8901595825349371,3.5606383301397484,17.803191650698743,0.8990389243707231,107,0.9065420560747663,95,0.9789473684210527
122921,968,Gregoritsch,ATTACKING_MIDFIELD,CENTRE,197.16415,214.85986833333337,21,7,2,4,7,1,1,0,3,0,0,1,0,0,0,0,19,15,0,3,0,0,0,16,55.714285714285715,1.6859,0.08028095238095238,0.359482,19.8,91.05714285714286,35.83809523809524,37.437016666666665,50.48479201289633,16.828264004298777,16.828264004298777,2.4040377148998253,7.212113144699476,0.0,2.4040377148998253,0.0,0.0,0.0,0.0,45.67671658309668,36.060565723497376,0.0,7.212113144699476,0.0,0.0,0.0,38.464603438397205,4.052967183549615,6,0.3333333333333333,1,
122921,986,Kübler,LEFT_WINGBACK_DEFENDER,LEFT,2.0303833333333334,49.76801833333333,53,15,10,4,14,12,11,0,0,0,0,12,0,1,1,0,23,0,1,1,4,3,0,18,28.26923076923077,0.217739,0.0041082830188679245,0.012322,54.886792452830186,59.53962264150943,60.89245283018868,50.10316666666667,95.20356331436136,26.944404711611707,25.148111064170926,21.555523769289366,0.0,0.0,21.555523769289366,0.0,1.7962936474407805,1.7962936474407805,0.0,41.314753891137954,0.0,1.7962936474407805,1.7962936474407805,7.185174589763122,5.388880942322341,0.0,32.33328565393405,0.3911231825001081,14,0.7142857142857143,11,1.0
122921,1050,Höfler,DEFENSE_MIDFIELD,CENTRE_LEFT,0.0981833333333333,214.49240166666667,173,58,54,2,48,42,42,0,0,0,7,4,0,3,34,0,22,0,1,10,2,3,4,40,23.625730994152047,0.694459,0.004014213872832371,0.014268,57.24682080924856,49.93294797687861,35.38150289017341,101.10546666666667,153.9976077785441,51.62925578702635,42.72765996167698,37.386702466467355,0.0,6.2311170777445595,3.5606383301397484,0.0,2.670478747604811,30.26542580618786,0.0,19.583510815768616,0.0,0.8901595825349371,8.901595825349371,1.7803191650698742,2.670478747604811,3.5606383301397484,35.606383301397486,0.6181793335276299,56,0.9642857142857143,42,1.0
122921,1294,Grifo,LEFT_WINGER,LEFT,2.6706,216.83461666666665,212,68,47,11,63,53,51,2,2,1,20,22,0,6,15,0,87,4,3,3,2,0,3,34,22.5,2.401465,0.011381350710900474,0.789325,47.33904761904762,64.56714285714285,47.61,101.10546666666667,188.71383149740666,60.53085161237572,56.08005369970103,47.178457874351665,1.7803191650698742,17.803191650698743,19.583510815768616,0.0,5.340957495209622,13.352393738024055,0.0,77.44388368053953,3.5606383301397484,2.670478747604811,2.670478747604811,1.7803191650698742,0.0,2.670478747604811,30.26542580618786,2.1376870818722624,58,0.8103448275862069,53,0.9622641509433962
122921,1320,Eggestein,DEFENSE_MIDFIELD,CENTRE_RIGHT,1.5635166666666669,208.79291666666668,151,48,43,2,39,44,40,4,2,0,12,7,0,6,11,1,43,4,3,11,2,1,0,29,24.8,0.957381,0.006340271523178808,0.060212,50.05033112582782,59.67417218543046,27.4317880794702,101.10546666666667,134.4140969627755,42.72765996167698,34.716223718862544,39.16702163153723,1.7803191650698742,10.681914990419244,6.2311170777445595,0.0,5.340957495209622,9.791755407884308,0.8901595825349371,38.2768620490023,3.5606383301397484,2.670478747604811,9.791755407884308,1.7803191650698742,0.8901595825349371,0.0,25.814627893513176,0.8522218712868807,45,0.9555555555555556,44,0.9090909090909091
122921,9604,Höler,CENTER_FORWARD,CENTRE,0.6071500000000001,213.54456833333333,81,24,12,10,27,12,9,3,3,1,3,2,2,9,0,1,55,10,0,5,0,2,2,49,50.0,2.739825,0.0342478125,0.523887,34.433766233766235,76.0935064935065,31.446753246753246,101.10546666666667,72.1029261853299,21.36382998083849,24.0343087284433,10.681914990419244,2.670478747604811,2.670478747604811,1.7803191650698742,1.7803191650698742,8.011436242814433,0.0,0.8901595825349371,48.95877703942154,8.901595825349371,0.0,4.450797912674686,0.0,1.7803191650698742,1.7803191650698742,43.61781954421192,2.4388814782187844,22,0.5454545454545454,12,0.75
122921,15811,Doan,RIGHT_WINGER,RIGHT,5.9078,176.94865166666665,43,16,5,8,13,7,7,0,0,0,2,3,0,6,0,0,26,0,1,2,1,1,0,27,51.19047619047619,0.322763,0.007506116279069768,0.030389,43.97857142857143,69.27857142857142,17.545238095238094,63.66845,60.78363773580164,22.61716752960061,18.376448617800495,9.895010794200267,0.0,2.8271459412000763,4.240718911800115,0.0,8.48143782360023,0.0,0.0,36.75289723560099,0.0,1.4135729706000382,2.8271459412000763,1.4135729706000382,1.4135729706000382,0.0,38.16647020620103,0.4562490527097801,13,0.38461538461538464,7,1.0
122921,23350,Lienhart,CENTRAL_DEFENDER,CENTRE_LEFT,0.16155,214.41168333333331,333,114,90,17,89,82,80,1,1,0,0,4,0,4,80,0,17,2,3,27,2,2,2,47,12.293577981651376,1.047589,0.003145912912912913,0.109436,66.64789156626506,40.41686746987952,42.28403614457831,101.10546666666667,296.423140984134,101.47819240898282,79.2242028456094,72.99308576786484,0.8901595825349371,0.0,3.5606383301397484,0.0,3.5606383301397484,71.21276660279497,0.0,15.13271290309393,1.7803191650698742,2.670478747604811,24.0343087284433,1.7803191650698742,1.7803191650698742,1.7803191650698742,41.83750037914204,0.9325213869081922,107,0.8411214953271028,81,0.9876543209876543
122921,62650,Sildillia,RIGHT_WINGBACK_DEFENDER,RIGHT,0.5320166666666667,214.79758333333336,220,68,52,12,61,57,54,3,0,0,0,57,0,3,0,0,61,2,0,10,2,2,1,38,20.36697247706422,0.964715,0.004385068181818182,0.020219,54.41872146118722,59.317351598173516,6.497716894977169,101.10546666666667,195.83510815768616,60.53085161237572,54.29973453463116,50.73909620449141,0.0,0.0,50.73909620449141,0.0,2.670478747604811,0.0,0.0,54.29973453463116,1.7803191650698742,0.0,8.901595825349371,1.7803191650698742,1.7803191650698742,0.8901595825349371,33.82606413632761,0.8587503016651917,64,0.8125,57,0.9473684210526315
122921,68933,Röhl,ATTACKING_MIDFIELD,CENTRE,1.02955,179.62335,56,11,7,2,14,16,10,6,3,0,3,0,0,8,0,1,38,11,4,2,0,0,2,30,45.660377358490564,1.571577,0.028063875,0.202993,36.85636363636363,73.33272727272728,35.372727272727275,63.66845,79.16008635360214,15.54930267660042,19.790021588400535,22.61716752960061,4.240718911800115,4.240718911800115,0.0,0.0,11.308583764800305,0.0,1.4135729706000382,53.71577288280145,15.54930267660042,5.654291882400153,2.8271459412000763,0.0,0.0,2.8271459412000763,42.40718911800114,2.2215387684166963,9,0.7777777777777778,16,0.625
122921,94848,Makengo,LEFT_WINGBACK_DEFENDER,LEFT,166.70213333333334,212.538,94,29,26,2,24,26,24,1,0,0,0,18,1,2,3,0,41,4,0,7,1,0,3,13,15.53191489361702,0.650689,0.006922223404255318,0.035805,46.95319148936171,65.45212765957447,54.501063829787235,51.0023,165.87487230968017,51.1741627338375,42.35103122800344,45.88028383033706,0.0,0.0,31.763273421002584,1.7646263011668102,3.5292526023336204,5.29387890350043,0.0,72.34967834783922,7.058505204667241,0.0,12.352384108167671,1.7646263011668102,0.0,5.29387890350043,22.94014191516853,1.1482229232799304,28,0.9285714285714286,25,0.96
122921,94862,Weißhaupt,RIGHT_WINGER,RIGHT,181.04588333333336,214.6321,84,24,14,4,27,24,21,1,2,1,0,21,0,2,2,2,50,4,1,1,0,0,2,18,25.185185185185187,1.669316,0.020112240963855423,0.441267,45.98674698795181,71.17590361445784,9.89277108433735,37.437016666666665,201.9391680515853,57.69690515759581,64.90901830229528,57.69690515759581,4.808075429799651,0.0,50.48479201289633,0.0,4.808075429799651,4.808075429799651,4.808075429799651,120.20188574499126,9.616150859599301,2.4040377148998253,2.4040377148998253,0.0,0.0,4.808075429799651,43.272678868196856,4.0130986220857165,18,0.7777777777777778,22,0.9545454545454546
122929,622,Ginter,CENTRAL_DEFENDER,CENTRE_RIGHT,3.7378,215.50843333333333,141,49,35,9,42,31,30,0,0,0,1,9,0,0,32,0,2,0,4,4,2,2,4,12,14.27536231884058,0.317038,0.002248496453900709,0.006337,70.677304964539,37.685815602836875,17.552482269503546,101.63955,124.852973079869,43.38862185045093,37.19024730038651,27.44994443599957,0.0,0.8854820785806312,7.969338707225681,0.0,0.0,28.3354265145802,0.0,1.7709641571612624,0.0,3.541928314322525,3.541928314322525,1.7709641571612624,1.7709641571612624,3.541928314322525,10.625784942967575,0.2807314672290462,44,0.7954545454545454,30,1.0
122929,1050,Höfler,DEFENSE_MIDFIELD,CENTRE_LEFT,12.45405,216.12065166666667,75,23,18,5,15,13,12,0,0,0,5,1,0,2,6,0,19,0,4,6,1,2,5,31,35.55555555555556,0.370184,0.0049357866666666665,0.020207,57.404,50.32266666666666,33.388,101.63955,66.41115589354735,20.366087807354518,13.28223117870947,11.511267021548207,0.0,4.427410392903156,0.8854820785806312,0.0,1.7709641571612624,5.312892471483788,0.0,16.824159493031996,0.0,3.541928314322525,5.312892471483788,0.8854820785806312,1.7709641571612624,4.427410392903156,27.44994443599957,0.32779129777729243,23,0.782608695652174,12,1.0
122929,1135,Gulde,CENTRAL_DEFENDER,CENTRE_LEFT,2.614116666666667,208.45343333333332,138,50,47,3,40,26,25,1,0,0,3,5,0,2,30,0,6,0,5,7,1,2,2,20,14.592592592592593,0.325806,0.0023609130434782606,0.014268,71.99411764705883,36.50147058823529,49.68897058823529,94.5102,131.41438701854403,47.613908340052184,38.091126672041746,24.759232336827136,0.0,2.856834500403131,4.761390834005218,0.0,1.9045563336020874,28.56834500403131,0.0,5.713669000806262,0.0,4.761390834005218,6.665947167607306,0.9522781668010437,1.9045563336020874,1.9045563336020874,19.045563336020873,0.3102579404127809,50,0.94,26,0.9615384615384616
122929,1294,Grifo,ATTACKING_MIDFIELD,CENTRE_LEFT,0.6251666666666666,197.70801666666665,92,30,22,6,31,17,15,2,2,0,10,9,1,6,2,0,29,5,1,1,1,0,1,24,28.636363636363637,0.671034,0.007293847826086957,0.040514,52.28461538461538,60.27142857142857,48.06923076923077,85.6978,96.61858297412536,31.50605966547566,32.55626165432485,17.853433810436208,2.1004039776983774,10.502019888491887,9.451817899642698,1.0502019888491887,6.301211933095132,2.1004039776983774,0.0,30.455857676626472,5.2510099442459435,1.0502019888491887,1.0502019888491887,1.0502019888491887,0.0,1.0502019888491887,25.20484773238053,0.7047212413854265,28,0.7857142857142857,17,0.8823529411764706
122929,1320,Eggestein,DEFENSE_MIDFIELD,CENTRE_RIGHT,0.5081833333333333,216.16748333333337,89,26,17,4,25,23,22,0,3,0,4,8,0,7,4,0,24,3,2,4,0,1,1,23,26.470588235294116,0.694904,0.00780791011235955,0.050264,53.83837209302326,55.65930232558139,16.63372093023256,101.63955,78.80790499367619,23.022534043096414,22.13705196451578,20.366087807354518,2.656446235741894,3.541928314322525,7.08385662864505,0.0,6.198374550064419,3.541928314322525,0.0,21.25156988593515,2.656446235741894,1.7709641571612624,3.541928314322525,0.0,0.8854820785806312,0.8854820785806312,20.366087807354518,0.615325038333995,21,0.8095238095238095,22,1.0
122929,9604,Höler,CENTER_FORWARD,CENTRE,0.6387666666666667,205.61268333333336,88,30,17,12,34,17,12,4,0,0,8,0,1,5,5,1,32,14,1,0,1,1,1,40,42.35294117647059,1.192239,0.013548170454545455,0.202993,42.586046511627906,64.92906976744186,30.627906976744185,94.5102,83.80047867849184,28.56834500403131,32.37745767123549,16.188728835617745,0.0,7.61822533440835,0.0,0.9522781668010437,4.761390834005218,4.761390834005218,0.9522781668010437,30.4729013376334,13.331894335214612,0.9522781668010437,0.0,0.9522781668010437,0.9522781668010437,0.9522781668010437,38.091126672041746,1.1353431693087097,29,0.5862068965517241,16,0.75
122929,23350,Lienhart,CENTRAL_DEFENDER,CENTRE,1.9990666666666668,216.32975,163,55,42,11,39,38,38,0,0,0,0,0,0,0,39,0,2,0,4,11,0,0,4,24,14.129032258064516,0.289524,0.0017762208588957054,0.005388,72.27701863354038,34.53664596273292,29.169565217391305,101.63955,144.3335788086429,48.70151432193472,34.53380106464462,33.64831898606399,0.0,0.0,0.0,0.0,0.0,34.53380106464462,0.0,1.7709641571612624,0.0,3.541928314322525,9.740302864386944,0.0,0.0,3.541928314322525,21.25156988593515,0.2563683133189787,53,0.7924528301886793,38,1.0
122929,62650,Sildillia,RIGHT_WINGBACK_DEFENDER,RIGHT,3.871283333333333,216.04646666666667,111,36,13,17,17,18,17,1,0,0,0,12,0,4,0,0,33,1,8,10,1,0,3,39,32.57142857142857,0.443503,0.003995522522522522,0.016921,57.93211009174312,55.007339449541284,9.710091743119268,101.63955,98.28851072245007,31.877354828902725,15.05319533587073,15.938677414451362,0.0,0.0,10.625784942967575,0.0,3.541928314322525,0.0,0.0,29.220908593160832,0.8854820785806312,7.08385662864505,8.854820785806313,0.8854820785806312,0.0,2.656446235741894,34.53380106464462,0.3927139582967457,30,0.43333333333333335,18,0.9444444444444444
122929,68933,Röhl,ATTACKING_MIDFIELD,CENTRE_RIGHT,0.49845,196.34406833333333,74,24,13,10,22,13,11,2,2,1,9,1,0,3,0,2,25,2,2,4,1,1,1,23,32.42857142857143,0.6274460000000001,0.008595150684931508,0.040514,49.274647887323944,59.48169014084507,21.085915492957746,85.6978,77.71494717483996,25.20484773238053,23.10444375468215,13.652625855039453,2.1004039776983774,9.451817899642698,1.0502019888491887,0.0,3.150605966547566,0.0,2.1004039776983774,26.255049721229717,2.1004039776983774,2.1004039776983774,4.200807955396755,1.0502019888491887,1.0502019888491887,1.0502019888491887,24.15464574353134,0.6589450370954681,23,0.5652173913043478,13,0.8461538461538461
122929,94862,Weißhaupt,LEFT_WINGBACK_DEFENDER,LEFT,1.58695,214.6145,124,34,23,5,35,31,25,3,0,0,1,28,0,3,0,0,36,3,2,4,0,2,1,12,16.178861788617887,0.515487,0.004157153225806452,0.016746,60.22845528455285,53.03577235772357,56.00406504065041,101.63955,109.79977774399828,30.10639067174146,30.991872750322095,27.44994443599957,0.0,0.8854820785806312,24.793498200257677,0.0,2.656446235741894,0.0,0.0,31.877354828902725,2.656446235741894,1.7709641571612624,3.541928314322525,0.0,1.7709641571612624,0.8854820785806312,10.625784942967575,0.45645450024129386,28,0.8214285714285714,28,0.8928571428571429
122939,622,Ginter,CENTRAL_DEFENDER,CENTRE_RIGHT,0.6950833333333333,217.84521666666663,310,108,89,13,91,83,83,0,0,0,0,18,1,0,71,0,28,4,4,14,1,1,1,22,8.241042345276872,1.171902,0.0037803290322580645,0.06255,62.08608414239482,46.71423948220065,18.37864077669903,97.21603333333334,286.98969751560185,99.9835075215645,84.24536281909602,76.8391770767579,0.0,0.0,16.66391792026075,0.925773217792264,0.0,65.72989846325073,0.0,25.92165009818339,3.703092871169056,3.703092871169056,12.960825049091696,0.925773217792264,0.925773217792264,0.925773217792264,20.367010791429806,1.0849154854771896,102,0.8725490196078431,83,1.0
122939,968,Gregoritsch,CENTER_FORWARD,CENTRE,4.017666666666667,216.54073333333332,52,15,11,4,18,5,4,0,4,0,7,1,1,3,0,0,30,10,0,2,1,1,2,25,51.041666666666664,1.0040229999999999,0.019308134615384612,0.131873,36.10192307692308,73.11153846153846,32.20384615384615,97.21603333333334,48.14020732519773,13.88659826688396,16.66391792026075,4.62886608896132,3.703092871169056,6.480412524545848,0.925773217792264,0.925773217792264,2.7773196533767917,0.0,0.0,27.77319653376792,9.25773217792264,0.0,1.851546435584528,0.925773217792264,0.925773217792264,1.851546435584528,23.1443304448066,0.9294976034474421,15,0.7333333333333333,4,1.0
122939,1050,Höfler,DEFENSE_MIDFIELD,CENTRE_LEFT,3.6887333333333334,217.72936666666664,146,51,42,8,40,30,30,0,1,0,12,1,0,0,25,0,15,0,4,8,2,2,2,25,19.71631205673759,0.644899,0.004417116438356164,0.035473,59.260139860139866,47.551048951048955,37.0972027972028,97.21603333333334,135.16288979767054,47.21443410740546,37.03092871169056,27.77319653376792,0.925773217792264,11.109278613507167,0.925773217792264,0.0,0.0,23.1443304448066,0.0,13.88659826688396,0.0,3.703092871169056,7.406185742338112,1.851546435584528,1.851546435584528,1.851546435584528,23.1443304448066,0.5970302223810132,50,0.84,30,1.0
122939,1135,Gulde,CENTRAL_DEFENDER,CENTRE_LEFT,0.5197333333333334,203.08650166666663,128,48,40,6,37,25,25,0,0,0,0,12,0,0,23,0,11,0,0,11,1,1,0,17,13.80952380952381,0.353511,0.0027618046875,0.024833,66.9007874015748,42.55511811023622,55.13385826771653,83.00505,138.78673646964853,52.0450261761182,40.11804101075778,27.10678446672823,0.0,0.0,13.01125654402955,0.0,0.0,24.93824170938997,0.0,11.92698516536042,0.0,0.0,11.92698516536042,1.0842713786691291,1.0842713786691291,0.0,18.432613437375196,0.38330185934470257,46,0.8695652173913043,25,1.0
122939,1294,Grifo,LEFT_WINGER,LEFT,2.4463,217.7859,175,55,44,8,53,42,40,2,2,0,8,27,0,3,13,0,68,4,2,2,2,1,1,25,19.07514450867052,1.337414,0.007642365714285715,0.030389,50.10857142857143,61.983428571428576,46.71257142857143,97.21603333333334,162.0103131136462,50.917526978574514,49.06598054298999,38.88247514727509,1.851546435584528,7.406185742338112,24.995876880391126,0.0,2.7773196533767917,12.035051831299432,0.0,62.95257880987395,3.703092871169056,1.851546435584528,1.851546435584528,1.851546435584528,0.925773217792264,0.925773217792264,23.1443304448066,1.2381420623004231,52,0.8461538461538461,42,0.9523809523809523
122939,1320,Eggestein,DEFENSE_MIDFIELD,CENTRE_RIGHT,3.0432166666666665,217.35060166666665,148,49,37,6,44,35,32,2,3,0,12,9,1,6,13,0,33,7,3,8,0,0,2,41,26.575342465753426,1.126459,0.00761120945945946,0.06123,48.38219178082192,60.41575342465754,21.377397260273973,97.21603333333334,137.01443623325505,45.362887671820936,40.73402158285961,32.40206262272924,2.7773196533767917,11.109278613507167,8.331958960130375,0.925773217792264,5.554639306753583,12.035051831299432,0.0,30.55051618714471,6.480412524545848,2.7773196533767917,7.406185742338112,0.0,0.0,1.851546435584528,37.95670192948282,1.042845573141056,43,0.8604651162790697,34,0.9411764705882353
122939,9604,Höler,RIGHT_WINGER,RIGHT,0.7143333333333334,212.22993333333335,113,38,29,3,37,22,19,1,2,1,13,8,0,12,1,0,40,14,3,2,2,1,2,54,35.67567567567568,1.851394,0.01653030357142857,0.359482,45.78738738738738,64.76126126126127,24.658558558558557,83.00505,122.5226657896116,41.20231238942691,40.11804101075778,23.85397033072084,2.1685427573382583,14.095527922698679,8.674171029353033,0.0,13.01125654402955,1.0842713786691291,0.0,43.370855146765166,15.179799301367808,3.2528141360073874,2.1685427573382583,2.1685427573382583,1.0842713786691291,2.1685427573382583,58.550654448132974,2.007413524839754,32,0.90625,20,0.95
122939,15811,Doan,RIGHT_WINGBACK_DEFENDER,RIGHT,1.7015816666666663,203.20680166666668,137,39,25,10,44,33,27,4,2,0,3,29,1,5,2,1,55,11,1,2,0,0,2,30,24.609375,1.017362,0.007426,0.06123,46.91259259259259,66.91185185185185,9.364444444444445,83.00505,148.5451788776707,42.28658376809604,47.70794066144168,35.78095549608126,2.1685427573382583,3.2528141360073874,31.443869981404745,1.0842713786691291,5.421356893345646,2.1685427573382583,1.0842713786691291,59.6349258268021,11.92698516536042,1.0842713786691291,2.1685427573382583,0.0,0.0,2.1685427573382583,32.528141360073874,1.1030964983455827,35,0.7142857142857143,31,0.8709677419354839
122939,23350,Lienhart,CENTRAL_DEFENDER,CENTRE,0.5834666666666667,213.45386666666667,353,115,98,11,102,100,100,0,0,0,0,5,0,0,96,0,7,5,2,13,4,5,2,43,10.693641618497109,0.899672,0.002548645892351275,0.033402,68.05198863636363,38.85823863636364,31.22244318181818,97.21603333333334,326.79794588066915,106.46392004611036,94.42886821481092,92.5773217792264,0.0,0.0,4.62886608896132,0.0,0.0,88.87422890805733,0.0,6.480412524545848,4.62886608896132,1.851546435584528,12.035051831299432,3.703092871169056,4.62886608896132,1.851546435584528,39.80824836506735,0.8328922423976017,109,0.8990825688073395,100,1.0
122939,94862,Weißhaupt,LEFT_WINGBACK_DEFENDER,LEFT,0.4623166666666666,213.75293333333332,117,35,20,11,35,29,24,1,0,0,0,28,0,5,1,0,64,8,4,3,0,2,1,21,22.142857142857142,0.918259,0.007848367521367522,0.076187,46.34159292035399,69.86283185840708,48.30796460176991,83.00505,126.85975130428811,37.94949825341952,37.94949825341952,31.443869981404745,0.0,0.0,30.359598602735616,0.0,5.421356893345646,1.0842713786691291,0.0,69.39336823482427,8.674171029353033,4.337085514676517,3.2528141360073874,0.0,2.1685427573382583,1.0842713786691291,22.769698952051712,0.9956419519053359,31,0.6451612903225806,25,0.96
122949,968,Gregoritsch,CENTER_FORWARD,CENTRE_LEFT,1.1326,202.11760166666667,81,23,11,8,20,11,9,2,6,1,4,2,1,7,0,0,36,14,2,8,1,1,2,40,46.486486486486484,1.737802,0.021722525,0.359482,43.527499999999996,65.83375,36.39125,89.58363333333334,81.37647166949021,23.106899362941668,20.092955967775364,11.051125782276449,6.027886790332609,4.018591193555072,2.009295596777536,1.004647798388768,7.032534588721377,0.0,0.0,36.16732074199565,14.065069177442753,2.009295596777536,8.037182387110144,1.004647798388768,1.004647798388768,2.009295596777536,40.18591193555073,1.7458789533355983,19,0.5789473684210527,11,0.8181818181818182
122949,1050,Höfler,DEFENSE_MIDFIELD,CENTRE_LEFT,2.485116666666667,214.51010166666669,109,35,26,7,28,18,16,0,0,0,13,0,0,4,8,0,0,0,3,8,3,5,3,28,28.26923076923077,0.374714,0.003437743119266055,0.013057,65.6622641509434,40.86509433962264,38.181132075471695,102.55753333333334,95.65362661478467,30.714467261628105,24.571573809302485,15.796011734551596,0.0,11.408230697176153,0.0,0.0,3.510224829900355,7.02044965980071,0.0,0.0,0.0,2.6326686224252662,7.02044965980071,2.6326686224252662,4.387781037375444,2.6326686224252662,24.571573809302485,0.3288325967278204,33,0.7878787878787878,16,1.0
122949,1135,Gulde,CENTRAL_DEFENDER,CENTRE_LEFT,23.5303,216.82756833333332,91,34,21,11,21,11,9,0,0,0,1,7,0,0,12,0,6,4,3,11,3,2,0,20,19.310344827586206,0.300959,0.003307241758241758,0.034462,73.45824175824175,34.52417582417582,47.206593406593406,79.44711666666667,103.08744160423694,38.51618697301161,23.789409600977756,12.461119314797871,0.0,1.1328290286179883,7.929803200325918,0.0,0.0,13.59394834341586,0.0,6.79697417170793,4.531316114471953,3.398487085853965,12.461119314797871,3.398487085853965,2.2656580572359766,0.0,22.65658057235977,0.3409350916238411,32,0.65625,9,1.0
122949,1320,Eggestein,DEFENSE_MIDFIELD,CENTRE_RIGHT,1.9347166666666664,217.40921666666665,113,36,23,6,24,24,22,2,2,0,10,4,0,4,4,0,22,3,4,11,3,2,2,35,29.90909090909091,0.565655,0.005005796460176991,0.034462,62.08672566371681,45.50442477876106,27.6787610619469,102.55753333333334,99.16385144468502,31.592023469103193,21.06134897940213,21.06134897940213,1.7551124149501776,8.775562074750887,3.510224829900355,0.0,3.510224829900355,3.510224829900355,0.0,19.306236564451954,2.6326686224252662,3.510224829900355,9.653118282225977,2.6326686224252662,1.7551124149501776,1.7551124149501776,30.714467261628105,0.49639405653932134,29,0.7931034482758621,24,0.9166666666666666
122949,9604,Höler,LEFT_WINGER,LEFT,180.6375833333333,215.32091833333337,59,22,12,4,16,7,7,0,0,0,1,8,0,3,0,0,25,2,2,5,1,2,2,22,35.96491228070175,0.438534,0.007432779661016949,0.041196,55.9135593220339,56.59661016949152,48.559322033898304,37.7831,140.539024061022,52.40438185326244,38.11227771146359,16.674121498765324,0.0,2.3820173569664744,19.056138855731795,0.0,7.146052070899424,0.0,0.0,59.550433924161865,4.764034713932949,4.764034713932949,11.910086784832373,2.3820173569664744,4.764034713932949,4.764034713932949,52.40438185326244,1.044595599619936,16,0.75,7,1.0
122949,15811,Doan,RIGHT_WINGER,RIGHT,0.4200666666666667,202.12860166666667,52,13,7,6,15,11,6,2,1,0,3,8,0,3,0,0,18,0,2,2,0,0,0,11,29.791666666666668,0.3115,0.005990384615384615,0.030389,51.688,61.326,13.235999999999999,89.58363333333334,52.241685516215945,13.060421379053986,15.069716975831522,11.051125782276449,1.004647798388768,3.0139433951663044,8.037182387110144,0.0,3.0139433951663044,0.0,0.0,18.083660370997826,0.0,2.009295596777536,2.009295596777536,0.0,0.0,0.0,11.051125782276449,0.3129477891981013,13,0.5384615384615384,8,0.75
122949,23350,Lienhart,CENTRAL_DEFENDER,CENTRE_RIGHT,2.0093666666666667,216.88855166666664,134,43,25,14,25,22,22,0,1,0,1,1,0,1,21,0,5,2,5,20,1,7,2,46,28.515625,0.308848,0.0023048358208955224,0.028894,73.95447761194029,33.438059701492534,33.07462686567164,102.55753333333334,117.59253180166189,37.73491692142881,21.938905186877218,19.306236564451954,0.8775562074750888,0.8775562074750888,0.8775562074750888,0.0,0.8775562074750888,18.428680356976862,0.0,4.387781037375444,1.7551124149501776,4.387781037375444,17.551124149501774,0.8775562074750888,6.142893452325621,1.7551124149501776,40.367585543854084,0.2710314795662662,39,0.6410256410256411,22,1.0
122949,62650,Sildillia,RIGHT_WINGBACK_DEFENDER,RIGHT,2.7471166666666664,213.41535166666665,108,28,15,11,18,19,16,3,0,0,0,15,0,0,0,0,13,0,8,4,4,4,6,31,29.81132075471698,0.298716,0.002765888888888889,0.010637,67.20648148148149,44.56018518518518,9.422222222222222,102.55753333333334,94.77607040730959,24.571573809302485,15.796011734551596,16.673567942026686,0.0,0.0,13.16334311212633,0.0,0.0,0.0,0.0,11.408230697176153,0.0,7.02044965980071,3.510224829900355,3.510224829900355,3.510224829900355,5.2653372448505324,27.20424243172775,0.2621400800721286,26,0.5769230769230769,19,0.8421052631578947
122949,68933,Röhl,CENTER_FORWARD,CENTRE_RIGHT,1.1035666666666666,215.40985,87,24,15,7,21,17,10,4,1,0,7,4,1,6,0,0,24,8,3,7,1,1,6,41,45.30864197530864,0.786528,0.009040551724137931,0.076187,54.45116279069768,56.25581395348837,33.76860465116279,102.55753333333334,76.34739005033272,21.06134897940213,18.428680356976862,14.918455527076508,0.8775562074750888,6.142893452325621,3.510224829900355,0.8775562074750888,5.2653372448505324,0.0,0.0,21.06134897940213,7.02044965980071,2.6326686224252662,6.142893452325621,0.8775562074750888,0.8775562074750888,5.2653372448505324,35.97980450647864,0.6902225287529666,22,0.6818181818181818,14,0.7142857142857143
122949,94848,Makengo,LEFT_WINGBACK_DEFENDER,LEFT,3.4863333333333335,215.269935,109,36,19,12,21,19,17,0,0,0,0,14,0,4,2,0,8,0,2,14,3,2,1,38,30.87378640776699,0.264761,0.002429,0.017357,71.62407407407407,38.22777777777778,56.60648148148148,102.55753333333334,95.65362661478467,31.592023469103193,18.428680356976862,16.673567942026686,0.0,0.0,12.285786904651243,0.0,3.510224829900355,1.7551124149501776,0.0,7.02044965980071,0.0,1.7551124149501776,12.285786904651243,2.6326686224252662,1.7551124149501776,0.8775562074750888,33.34713588405337,0.232342659047312,31,0.6129032258064516,17,1.0
122949,94862,Weißhaupt,LEFT_WINGER,LEFT,4.14175,174.61705166666667,87,26,19,7,24,21,18,2,0,0,6,12,0,1,3,0,19,2,1,4,0,0,4,8,19.27710843373494,0.522956,0.0060109885057471266,0.034462,56.82941176470588,53.49764705882353,50.88823529411765,64.77443333333333,120.88102661904156,36.12536427695495,33.34649010180457,29.178178839079,0.0,8.336622525451142,16.673245050902285,0.0,1.3894370875751905,4.168311262725571,0.0,26.399304663928618,2.778874175150381,1.3894370875751905,5.557748350300762,0.0,0.0,5.557748350300762,11.115496700601524,0.7266144615699713,26,0.7307692307692307,20,0.9
122958,622,Ginter,CENTRAL_DEFENDER,CENTRE_RIGHT,1.5945833333333332,214.03725166666663,138,47,37,6,37,32,31,0,1,0,0,2,0,2,32,0,7,6,2,10,2,2,1,21,16.59259259259259,1.558989,0.011297021739130435,0.523887,70.03430656934307,36.89854014598541,21.807299270072992,94.77208333333333,131.0512501483823,44.63339678966644,35.13692938760975,30.388695686581407,0.949646740205669,0.0,1.899293480411338,0.0,1.899293480411338,30.388695686581407,0.0,6.647527181439682,5.697880441234013,1.899293480411338,9.49646740205669,1.899293480411338,1.899293480411338,0.949646740205669,19.942581544319047,1.4804888218664956,43,0.8604651162790697,31,1.0
122958,862,Sallai,RIGHT_WINGER,RIGHT,183.59448333333333,215.32795,34,8,4,3,8,8,7,0,0,0,2,5,0,1,0,0,12,0,0,1,0,0,2,5,22.75862068965517,0.198797,0.005846970588235294,0.01467,51.038709677419355,64.18709677419355,15.922580645161291,36.76141666666667,83.23944715587221,19.58575227196993,19.58575227196993,19.58575227196993,0.0,4.896438067992483,12.241095169981207,0.0,2.4482190339962413,0.0,0.0,29.378628407954896,0.0,0.0,2.4482190339962413,0.0,0.0,4.896438067992483,12.241095169981207,0.4866985993013508,7,0.5714285714285714,7,1.0
122958,968,Gregoritsch,CENTER_FORWARD,CENTRE,4.232516666666666,212.13046833333337,70,21,13,6,19,8,5,2,2,1,8,1,1,5,0,0,18,6,1,7,2,3,2,30,42.61538461538461,1.033593,0.014979608695652173,0.202993,57.38955223880597,50.974626865671645,39.86268656716418,94.77208333333333,66.47527181439682,19.942581544319047,18.04328806390771,7.597173921645352,1.899293480411338,7.597173921645352,0.949646740205669,0.949646740205669,4.748233701028345,0.0,0.0,17.09364132370204,5.697880441234013,0.949646740205669,6.647527181439682,1.899293480411338,2.8489402206170067,1.899293480411338,28.489402206170066,0.9815482231493979,19,0.6842105263157895,7,0.7142857142857143
122958,1050,Höfler,DEFENSE_MIDFIELD,CENTRE,1.304366666666667,215.3667,94,32,28,4,23,16,16,0,0,0,5,2,0,3,12,0,20,0,2,7,4,4,1,29,30.217391304347824,0.388704,0.0041351489361702125,0.01713,58.61397849462366,48.86989247311828,41.32688172043011,94.77208333333333,89.26679357933288,30.388695686581407,21.841875024730385,15.194347843290704,0.0,4.748233701028345,1.899293480411338,0.0,2.8489402206170067,11.395760882468027,0.0,18.99293480411338,0.0,1.899293480411338,6.647527181439682,3.798586960822676,3.798586960822676,0.949646740205669,27.539755465964397,0.3691314865049043,32,0.875,16,1.0
122958,1294,Grifo,LEFT_WINGER,LEFT,4.982316666666667,177.8383,75,26,16,6,23,16,16,0,0,0,3,14,0,2,3,0,38,6,1,2,0,0,2,8,22.5,0.620725,0.008276333333333333,0.06123,48.72162162162162,65.71081081081081,54.5918918918919,58.010666666666665,116.3579111887469,40.337409212098926,35.68309276454905,24.823021053599337,0.0,4.654316447549876,21.720143421899422,0.0,3.102877631699917,4.654316447549876,0.0,58.95467500229843,9.308632895099752,1.5514388158499586,3.102877631699917,0.0,0.0,3.102877631699917,12.411510526799669,0.9630168589684656,22,0.7272727272727273,16,1.0
122958,1320,Eggestein,CENTRAL_MIDFIELD,CENTRE_RIGHT,7.886933333333333,212.093335,65,23,12,4,18,11,10,1,0,0,10,5,0,1,1,0,8,0,3,4,0,1,1,8,20.0,0.24210700000000002,0.0037247230769230774,0.02987,68.41111111111111,40.60793650793651,19.896825396825395,94.77208333333333,61.72703811336848,21.841875024730385,17.09364132370204,10.446114142262358,0.0,9.49646740205669,4.748233701028345,0.0,0.949646740205669,0.949646740205669,0.0,7.597173921645352,0.0,2.8489402206170067,3.798586960822676,0.0,0.949646740205669,0.949646740205669,7.597173921645352,0.22991612333097391,16,0.75,11,0.9090909090909091
122958,9604,Höler,LEFT_WINGER,LEFT,182.67603333333332,215.98346666666663,41,13,10,2,14,10,8,2,0,0,2,6,0,4,0,0,22,0,0,1,0,0,1,9,32.05128205128205,0.33008,0.008050731707317073,0.020219,48.1625,66.08000000000001,55.5,36.76141666666667,100.3769803938459,31.826847441951138,34.275066475947376,24.482190339962415,0.0,4.896438067992483,14.689314203977448,0.0,9.792876135984965,0.0,0.0,53.86081874791731,0.0,0.0,2.4482190339962413,0.0,0.0,2.4482190339962413,22.033971305966173,0.8081081387414794,12,0.8333333333333334,10,0.8
122958,15811,Doan,RIGHT_WINGER,RIGHT,0.7536666666666666,177.622985,29,10,5,4,8,5,4,1,0,0,1,3,0,2,0,0,7,0,0,3,0,0,0,9,37.857142857142854,0.132526,0.004569862068965517,0.030389,55.76428571428572,58.0,13.046428571428573,58.010666666666665,44.9917256596488,15.514388158499587,12.411510526799669,7.7571940792497935,0.0,1.5514388158499586,4.654316447549876,0.0,3.102877631699917,0.0,0.0,10.860071710949711,0.0,0.0,4.654316447549876,0.0,0.0,0.0,13.962949342649628,0.20560598050933163,9,0.5555555555555556,5,0.8
122958,23350,Lienhart,CENTRAL_DEFENDER,CENTRE_LEFT,1.9464666666666663,215.41541833333335,156,54,41,10,42,33,32,1,0,0,2,2,0,1,37,0,2,0,1,12,2,2,2,18,12.960526315789474,0.26967800000000003,0.0017287051282051285,0.005388,75.28451612903226,31.833548387096773,47.15290322580645,94.77208333333333,148.14489147208434,51.28092397110612,39.885163088638095,31.338342426787076,0.0,1.899293480411338,1.899293480411338,0.0,0.949646740205669,35.13692938760975,0.0,1.899293480411338,0.0,0.949646740205669,11.395760882468027,1.899293480411338,1.899293480411338,1.899293480411338,17.09364132370204,0.25609883360518443,51,0.803921568627451,33,0.9696969696969697
122958,62650,Sildillia,RIGHT_WINGBACK_DEFENDER,RIGHT,1.7136166666666666,209.22195,150,47,33,11,33,35,35,0,1,0,0,30,0,0,2,0,16,4,4,12,1,2,2,17,13.636363636363637,0.871265,0.005808433333333333,0.202993,67.81610738255034,43.13959731543624,11.050335570469798,94.77208333333333,142.44701103085035,44.63339678966644,31.338342426787076,33.23763590719841,0.949646740205669,0.0,28.489402206170066,0.0,0.0,1.899293480411338,0.0,15.194347843290704,3.798586960822676,3.798586960822676,11.395760882468027,0.949646740205669,1.899293480411338,1.899293480411338,16.143994583496372,0.8273939671052921,44,0.75,35,1.0
122958,68933,Röhl,CENTRAL_MIDFIELD,CENTRE_LEFT,0.2545833333333333,211.93393333333333,93,27,15,6,25,23,15,7,0,0,7,4,1,8,1,1,31,6,3,6,2,2,2,37,35.888888888888886,0.678843,0.007299387096774193,0.031642,53.36483516483516,56.589010989010994,37.38131868131868,91.70644999999999,91.26947995479054,26.49759095461661,24.53480643945982,22.572021924303037,0.0,6.86974580304875,3.9255690303135715,0.9813922575783929,7.851138060627143,0.9813922575783929,0.9813922575783929,30.42315998493018,5.888353545470357,2.9441767727351786,5.888353545470357,1.9627845151567858,1.9627845151567858,1.9627845151567858,36.31151353040054,0.666211264311289,21,0.7142857142857143,22,0.6818181818181818
122958,94848,Makengo,LEFT_WINGBACK_DEFENDER,LEFT,0.82455,215.9276833333333,191,57,41,11,47,40,39,0,0,0,1,41,0,2,2,0,35,0,2,10,3,5,5,27,17.77777777777778,0.686467,0.0035940680628272254,0.016746,65.39153439153439,47.05767195767196,59.73650793650794,94.77208333333333,181.38252737928278,54.12986419172313,44.63339678966644,37.98586960822676,0.0,0.949646740205669,38.93551634843242,0.0,1.899293480411338,1.899293480411338,0.0,33.23763590719841,0.0,1.899293480411338,9.49646740205669,2.8489402206170067,4.748233701028345,4.748233701028345,25.64046198555306,0.651901148808765,52,0.7884615384615384,39,1.0
122966,622,Ginter,CENTRAL_DEFENDER,CENTRE_RIGHT,0.4643166666666667,217.56776833333333,201,69,58,8,57,49,49,0,0,0,1,10,0,2,43,0,10,0,0,13,1,2,3,27,16.08040201005025,0.6082690000000001,0.003026213930348259,0.020219,66.86019900497513,41.49651741293532,19.498009950248754,102.05823333333333,177.2517454904014,60.84761412357063,50.26542036294965,43.21062452253566,0.0,0.8818494800517482,8.818494800517483,0.0,1.7636989601034965,37.91952764222518,0.0,8.818494800517483,0.0,0.0,11.464043240672726,0.8818494800517482,1.7636989601034965,2.6455484401552445,23.8099359613972,0.5364017013815968,66,0.8787878787878788,49,1.0
122966,862,Sallai,LEFT_WINGER,LEFT,187.72893333333337,216.92718333333332,53,14,13,1,18,13,11,2,3,1,5,6,1,3,1,1,30,7,1,0,0,0,0,12,23.137254901960784,1.361202,0.026176961538461538,0.293942,37.43269230769231,74.12692307692308,44.22115384615385,31.200933333333335,152.88004205002414,40.38340733396864,51.92152371510254,37.498878238685165,8.653587285850422,14.42264547641737,17.307174571700845,2.884529095283474,8.653587285850422,2.884529095283474,2.884529095283474,86.53587285850423,20.19170366698432,2.884529095283474,0.0,0.0,0.0,0.0,34.61434914340169,3.9264267735580556,14,0.9285714285714286,13,0.8461538461538461
122966,968,Gregoritsch,CENTER_FORWARD,CENTRE_LEFT,189.90026666666665,215.62451666666664,48,14,10,2,17,8,8,0,5,1,3,1,1,7,0,2,40,15,0,2,0,0,0,24,45.43478260869565,1.909916,0.040636510638297874,0.315637,27.93617021276596,81.51914893617021,34.708510638297874,31.200933333333335,138.45739657360676,40.38340733396864,49.03699461981906,23.076232762267793,14.42264547641737,8.653587285850422,2.884529095283474,2.884529095283474,20.19170366698432,0.0,5.769058190566948,115.38116381133896,43.26793642925212,0.0,5.769058190566948,0.0,0.0,0.0,69.22869828680338,5.509208271547432,12,0.8333333333333334,8,1.0
122966,1050,Höfler,DEFENSE_MIDFIELD,CENTRE_LEFT,4.006833333333334,217.179585,108,35,28,5,24,23,21,2,0,0,8,3,0,2,10,0,31,1,3,10,4,4,1,28,32.5,0.6061610000000001,0.005612601851851852,0.014268,50.70471698113207,57.048113207547175,37.947169811320755,102.05823333333333,95.2397438455888,30.86473180181119,21.164387521241956,20.28253804119021,0.0,7.054795840413986,2.6455484401552445,0.0,1.7636989601034965,8.818494800517483,0.0,27.337333881604195,0.8818494800517482,2.6455484401552445,8.818494800517483,3.527397920206993,3.527397920206993,0.8818494800517482,24.69178544144895,0.5345427626776479,33,0.8484848484848485,23,0.9130434782608695
122966,1135,Gulde,CENTRAL_DEFENDER,CENTRE_LEFT,0.6468666666666666,212.70850166666665,146,55,50,4,43,25,25,0,0,0,0,4,0,3,34,0,5,0,3,11,0,2,2,20,15.416666666666666,0.334485,0.0022909931506849314,0.010637,71.99452054794521,35.3054794520548,43.25479452054795,102.05823333333333,128.75002408755523,48.50172140284615,37.91952764222518,22.046237001293704,0.0,0.0,3.527397920206993,0.0,2.6455484401552445,29.98288232175944,0.0,4.409247400258741,0.0,2.6455484401552445,9.700344280569231,0.0,1.7636989601034965,1.7636989601034965,17.636989601034966,0.294965423335109,54,0.9259259259259259,25,1.0
122966,1294,Grifo,LEFT_WINGER,LEFT,3.583683333333333,186.18546666666668,116,31,23,5,27,28,24,3,3,0,12,13,0,1,1,0,52,4,3,9,1,2,2,17,26.181818181818183,1.072697,0.009247387931034483,0.06123,47.37217391304348,63.9295652173913,49.9104347826087,70.8573,147.33838291890885,39.37491267660496,34.294278782849474,35.56443725628834,3.8104754203166085,15.241901681266434,16.512060154705303,0.0,1.2701584734388696,1.2701584734388696,0.0,66.04824061882121,5.080633893755478,3.8104754203166085,11.431426260949825,1.2701584734388696,2.540316946877739,2.540316946877739,21.592694048460782,1.362495183982455,28,0.8214285714285714,27,0.8888888888888888
122966,1320,Eggestein,DEFENSE_MIDFIELD,CENTRE_RIGHT,0.1064833333333333,217.25466833333337,143,48,41,5,42,35,31,2,1,0,23,4,0,4,9,0,44,5,4,7,1,1,1,29,28.642857142857142,1.265371,0.008848748251748252,0.131579,51.34142857142857,57.27785714285714,23.212142857142855,102.05823333333333,126.1044756474,42.32877504248391,37.03767816217343,30.86473180181119,0.8818494800517482,20.28253804119021,3.527397920206993,0.0,3.527397920206993,7.936645320465734,0.0,38.801377122276925,4.409247400258741,3.527397920206993,6.172946360362237,0.8818494800517482,0.8818494800517482,0.8818494800517482,25.573634921500698,1.1158667584225608,46,0.8913043478260869,33,0.9393939393939394
122966,9604,Höler,CENTER_FORWARD,CENTRE_LEFT,1.2476999999999998,184.49231666666668,73,25,18,6,21,17,16,0,0,0,5,4,0,8,0,0,33,3,3,1,2,1,1,24,42.22222222222222,0.713224,0.009770191780821917,0.034038,46.1125,63.32361111111111,35.31666666666667,70.8573,92.72156856103747,31.753961835971737,26.673327942216257,21.592694048460782,0.0,6.350792367194347,5.080633893755478,0.0,10.161267787510956,0.0,0.0,41.915229623482695,3.8104754203166085,3.8104754203166085,1.2701584734388696,2.540316946877739,1.2701584734388696,1.2701584734388696,30.483803362532868,0.9059075070599641,24,0.75,16,1.0
122966,15811,Doan,RIGHT_WINGER,RIGHT,1.16685,217.16308333333333,142,48,33,10,46,30,26,3,2,0,12,17,1,10,1,1,74,9,2,6,2,2,0,37,34.714285714285715,1.416434,0.009974887323943662,0.10014,45.13591549295775,67.09718309859154,14.973239436619718,102.05823333333333,125.22262616734825,42.32877504248391,40.56507608238042,26.455484401552447,1.7636989601034965,10.582193760620978,14.99144116087972,0.8818494800517482,8.818494800517483,0.8818494800517482,0.8818494800517482,65.25686152382937,7.936645320465734,1.7636989601034965,5.291096880310489,1.7636989601034965,1.7636989601034965,0.0,32.628430761914686,1.249081586427618,43,0.7674418604651163,29,0.896551724137931
122966,62650,Sildillia,RIGHT_WINGBACK_DEFENDER,RIGHT,1.7461666666666666,195.14008333333337,145,49,33,13,38,29,27,2,0,0,1,33,0,2,1,0,37,2,4,10,0,1,2,14,21.631205673758867,0.709406,0.004892455172413793,0.050264,57.548251748251744,55.93146853146853,7.951048951048951,80.32451666666665,162.46596358811996,54.902291143571574,42.577287009300406,32.49319271762399,0.0,1.1204549212973791,36.97501240281351,0.0,2.2409098425947582,1.1204549212973791,0.0,41.456832088003026,2.2409098425947582,4.4818196851895165,11.204549212973792,0.0,1.1204549212973791,2.2409098425947582,15.686368898163307,0.7948574438978885,46,0.717391304347826,29,0.9310344827586207
122966,68933,Röhl,CENTER_FORWARD,CENTRE_RIGHT,1.18175,211.110735,127,43,23,12,43,21,15,4,3,0,20,3,2,10,1,0,76,18,2,6,2,1,1,49,40.40983606557377,3.175322,0.025002535433070867,0.523887,40.1456,70.34960000000001,26.5888,99.0239,115.42667982174001,39.08147427035291,39.08147427035291,19.086301387846774,2.7266144839781106,18.1774298931874,2.7266144839781106,1.8177429893187402,9.0887149465937,0.9088714946593701,0.0,69.07423359411213,16.359686903868663,1.8177429893187402,5.453228967956221,1.8177429893187402,0.9088714946593701,0.9088714946593701,44.534703238309135,2.8859596521647806,35,0.6571428571428571,19,0.7894736842105263
122966,94848,Makengo,LEFT_WINGBACK_DEFENDER,LEFT,0.8255833333333332,194.96715,121,37,27,8,27,26,24,2,0,0,0,23,0,3,1,0,34,0,5,8,1,2,1,13,20.689655172413794,0.547086,0.004521371900826446,0.01713,58.47083333333333,53.52166666666667,56.64083333333333,80.32451666666665,135.57504547698287,41.456832088003026,30.252282875029234,29.131827953731857,0.0,0.0,25.77046318983972,0.0,3.361364763892137,1.1204549212973791,0.0,38.09546732411089,0.0,5.602274606486896,8.963639370379033,1.1204549212973791,2.2409098425947582,1.1204549212973791,14.565913976865929,0.6129852010728979,35,0.7714285714285715,26,0.9230769230769231
122981,622,Ginter,CENTRAL_DEFENDER,CENTRE_RIGHT,0.9891333333333332,215.94521833333337,163,58,41,9,43,37,35,0,0,0,0,9,0,4,30,0,3,0,5,12,0,0,2,35,16.419753086419753,0.382665,0.0023621296296296294,0.029121,72.42345679012345,34.629629629629626,23.63456790123457,99.34798333333333,147.66278597502148,52.542586420559786,38.953986484208116,33.51854650966745,0.0,0.0,8.153159961811001,0.0,3.6236266496937786,27.177199872703337,0.0,2.7177199872703337,0.0,4.529533312117223,10.870879949081335,0.0,0.0,1.8118133248468893,31.70673318482056,0.3466587729762674,50,0.82,35,1.0
122981,862,Sallai,LEFT_WINGER,LEFT,0.3501833333333333,201.89248333333336,92,28,17,8,26,17,16,0,2,0,6,10,0,9,0,0,38,2,3,2,0,0,3,31,31.41176470588235,0.866796,0.009421695652173913,0.054816,49.7067415730337,63.576404494382025,50.906741573033706,84.99363333333334,97.4190615846128,29.649279612708245,27.53147392608623,18.001348336287148,2.1178056866220176,6.353417059866053,10.589028433110087,0.0,9.530125589799079,0.0,0.0,40.238308045818336,2.1178056866220176,3.1767085299330264,2.1178056866220176,0.0,0.0,3.1767085299330264,32.82598814264127,0.9178527489706092,25,0.68,16,1.0
122981,968,Gregoritsch,ATTACKING_MIDFIELD,CENTRE,190.58121666666665,216.454485,28,11,5,5,9,4,4,0,0,0,3,0,0,5,0,0,14,1,1,1,0,0,1,15,46.666666666666664,0.343123,0.012254392857142858,0.050264,50.43928571428571,56.228571428571435,38.33571428571429,32.7704,76.89866464858531,30.210189683372796,24.717427922759562,10.985523521226472,0.0,8.239142640919853,0.0,0.0,13.73190440153309,0.0,0.0,38.449332324292655,2.746380880306618,2.746380880306618,2.746380880306618,0.0,0.0,2.746380880306618,41.19571320459927,0.9423464467934477,10,0.5,4,1.0
122981,986,Kübler,LEFT_WINGBACK_DEFENDER,LEFT,0.5354500000000001,203.55163333333337,114,36,26,7,29,24,24,0,0,0,2,21,0,3,1,0,20,2,5,4,1,3,1,21,20.90909090909091,0.497303,0.00436230701754386,0.020207,58.25350877192982,52.94122807017544,56.74035087719298,84.99363333333334,120.714924137455,38.120502359196315,30.708182456019255,25.41366823946421,0.0,2.1178056866220176,22.236959709531185,0.0,3.1767085299330264,1.0589028433110088,0.0,21.178056866220174,2.1178056866220176,5.294514216555044,4.235611373244035,1.0589028433110088,3.1767085299330264,1.0589028433110088,22.236959709531185,0.5265955606870946,33,0.7878787878787878,24,1.0
122981,1050,Höfler,DEFENSE_MIDFIELD,CENTRE_LEFT,1.68795,218.90150166666663,145,47,32,11,24,26,24,0,0,0,11,1,0,1,11,0,10,0,9,19,2,4,2,48,30.0,0.5886480000000001,0.004059641379310345,0.02987,60.19084507042254,46.6556338028169,32.385211267605634,99.34798333333333,131.35646605139948,42.5776131339019,21.74175989816267,23.55357322300956,0.0,9.96497328665789,0.9059066624234446,0.0,0.9059066624234446,9.96497328665789,0.0,9.059066624234447,0.0,8.153159961811001,17.212226586045446,1.8118133248468893,3.6236266496937786,1.8118133248468893,43.48351979632534,0.5332601450222358,43,0.7441860465116279,24,1.0
122981,1135,Gulde,CENTRAL_DEFENDER,CENTRE_LEFT,0.5076333333333333,218.33658333333332,111,35,27,6,25,19,19,0,2,0,0,2,0,2,19,0,5,5,2,11,1,2,4,27,23.883495145631066,0.499489,0.004499900900900901,0.109436,70.59454545454545,36.60090909090909,46.56818181818182,99.34798333333333,100.55563952900235,31.70673318482056,22.647666560586114,17.212226586045446,1.8118133248468893,0.0,1.8118133248468893,0.0,1.8118133248468893,17.212226586045446,0.0,4.529533312117223,4.529533312117223,1.8118133248468893,9.96497328665789,0.9059066624234446,1.8118133248468893,3.6236266496937786,24.459479885433005,0.45249041290722397,33,0.8181818181818182,19,1.0
122981,1320,Eggestein,DEFENSE_MIDFIELD,CENTRE_RIGHT,0.1483833333333333,218.96310166666663,116,41,31,9,31,24,22,0,2,0,12,4,0,5,7,0,29,1,4,9,1,0,2,33,30.964912280701753,0.72287,0.006231637931034483,0.041562,53.994827586206895,53.64741379310345,24.485344827586207,99.34798333333333,105.08517284111957,37.14217315936123,28.083106535126785,21.74175989816267,1.8118133248468893,10.870879949081335,3.6236266496937786,0.0,4.529533312117223,6.341346636964112,0.0,26.271293210279893,0.9059066624234446,3.6236266496937786,8.153159961811001,0.9059066624234446,0.0,1.8118133248468893,29.894919859973673,0.6548527490660354,40,0.775,22,1.0
122981,9604,Höler,CENTER_FORWARD,CENTRE,6.4756833333333335,216.67013333333335,102,33,22,6,30,19,18,0,3,2,13,0,1,9,0,0,35,16,1,8,1,4,0,49,41.9,2.213391,0.02213391,0.789325,45.553999999999995,62.706,29.23,99.34798333333333,92.40247956719135,29.894919859973673,27.177199872703337,17.212226586045446,2.7177199872703337,11.77678661150478,0.0,0.9059066624234446,8.153159961811001,0.0,0.0,31.70673318482056,14.494506598775114,0.9059066624234446,7.247253299387557,0.9059066624234446,3.6236266496937786,0.0,44.38942645874879,2.005125653448091,28,0.7857142857142857,18,1.0
122981,15811,Doan,RIGHT_WINGER,RIGHT,0.18885,216.042085,93,29,18,9,29,22,16,2,0,0,6,14,0,3,0,1,22,6,3,3,1,1,1,31,34.0,0.772644,0.008308,0.131579,57.77065217391304,52.88913043478261,15.806521739130435,99.34798333333333,84.24931960538035,26.271293210279893,26.271293210279893,19.92994657331578,0.0,5.435439974540667,12.682693273928225,0.0,2.7177199872703337,0.0,0.9059066624234446,19.92994657331578,5.435439974540667,2.7177199872703337,2.7177199872703337,0.9059066624234446,0.9059066624234446,0.9059066624234446,28.083106535126785,0.6999433472814999,27,0.6666666666666666,18,0.8888888888888888
122981,62650,Sildillia,RIGHT_WINGBACK_DEFENDER,RIGHT,1.101716666666667,216.62916666666663,145,47,29,15,39,30,28,2,0,0,1,33,0,2,1,0,20,1,3,8,1,1,1,32,20.78014184397163,0.475348,0.003278262068965517,0.029121,64.31468531468532,47.26153846153846,9.127272727272727,99.34798333333333,131.35646605139948,42.5776131339019,35.33035983451434,27.177199872703337,0.0,0.9059066624234446,29.894919859973673,0.0,1.8118133248468893,0.9059066624234446,0.0,18.118133248468894,0.9059066624234446,2.7177199872703337,7.247253299387557,0.9059066624234446,0.9059066624234446,0.9059066624234446,28.98901319755023,0.4306209201696596,44,0.6590909090909091,30,0.9333333333333333
122981,68933,Röhl,ATTACKING_MIDFIELD,CENTRE,6.40685,182.35136666666668,65,18,10,7,18,14,12,1,1,0,7,3,0,4,1,0,27,0,0,4,1,2,2,26,39.666666666666664,0.520422,0.008006492307692308,0.050264,48.5328125,61.895312499999996,29.978125,66.57758333333334,87.86741283039461,24.332514322263123,24.332514322263123,18.92528891731576,1.3518063512368401,9.46264445865788,4.05541905371052,0.0,5.4072254049473605,1.3518063512368401,0.0,36.498771483394684,0.0,0.0,5.4072254049473605,1.3518063512368401,2.7036127024736802,2.7036127024736802,35.146965132157845,0.7035097649233789,17,0.5882352941176471,13,0.9230769230769231
122984,622,Ginter,CENTRAL_DEFENDER,CENTRE_RIGHT,0.6272833333333333,216.29176833333335,284,101,81,16,89,70,69,0,0,0,1,7,0,4,74,0,18,6,1,16,0,2,1,40,15.865724381625443,0.773835,0.0027247711267605634,0.019951,65.52887323943662,42.13309859154929,22.86056338028169,96.30081666666666,265.4183098827996,94.39172288085477,83.17686471679282,65.42000595702805,0.0,0.9345715136718294,6.542000595702806,0.0,3.738286054687318,69.15829201171537,0.0,16.82228724609293,5.6074290820309765,0.9345715136718294,14.953144218749271,0.0,1.869143027343659,0.9345715136718294,37.382860546873175,0.7232041472822401,97,0.8350515463917526,69,1.0
122984,862,Sallai,CENTER_FORWARD,CENTRE,3.4272666666666667,217.4917166666667,92,29,20,7,27,18,18,0,4,0,5,10,3,2,3,0,54,16,2,3,1,0,1,22,28.068181818181817,1.547709,0.016822923913043478,0.131873,41.77777777777778,69.77555555555556,28.88888888888889,82.46424999999999,100.40714612695805,31.65007867045417,29.467314624215952,19.644876416143966,4.3655280924764375,5.456910115595546,10.913820231191092,3.274146069357328,2.1827640462382187,3.274146069357328,0.0,58.934629248431904,17.46211236990575,2.1827640462382187,3.274146069357328,1.0913820231191094,0.0,1.0913820231191094,24.010404508620404,1.6891417796196535,27,0.7407407407407407,18,1.0
122984,968,Gregoritsch,ATTACKING_MIDFIELD,CENTRE,3.4421166666666663,217.57766666666663,56,15,8,7,19,8,6,2,3,0,6,1,1,7,0,1,27,6,1,0,2,2,1,19,40.76923076923077,1.573937,0.028106017857142857,0.293942,41.10545454545455,65.94909090909091,32.41818181818182,82.46424999999999,61.11739329467012,16.37073034678664,20.736258439263075,8.731056184952875,3.274146069357328,6.548292138714656,1.0913820231191094,1.0913820231191094,7.639674161833765,0.0,1.0913820231191094,29.467314624215952,6.548292138714656,1.0913820231191094,0.0,2.1827640462382187,2.1827640462382187,1.0913820231191094,20.736258439263075,1.7177665473220214,15,0.5333333333333333,8,0.75
122984,1135,Gulde,CENTRAL_DEFENDER,CENTRE_LEFT,1.1201166666666666,216.9957,283,95,80,10,83,72,70,1,2,0,1,13,1,5,62,0,8,6,4,14,3,5,0,45,15.97864768683274,0.813456,0.0028744028268551237,0.034462,66.74805653710247,40.837809187279156,47.70212014134276,96.30081666666666,264.4837383691277,88.7842937988238,77.56943563476185,67.28914898437172,1.869143027343659,0.9345715136718294,12.149429677733782,0.9345715136718294,4.672857568359147,57.943433847653424,0.0,7.476572109374636,5.6074290820309765,3.738286054687318,13.084001191405612,2.8037145410154882,4.672857568359147,0.0,42.055718115232324,0.7602328052254317,90,0.8888888888888888,71,0.9859154929577465
122984,1294,Grifo,LEFT_WINGER,LEFT,0.0,203.284935,165,54,42,11,52,43,41,2,2,0,9,28,0,4,6,0,52,7,3,2,2,1,0,25,16.951219512195124,1.7870110000000001,0.010830369696969698,0.202993,50.472727272727276,60.805454545454545,50.919999999999995,82.46424999999999,180.07803381465303,58.934629248431904,56.751865202193684,46.9294269941217,2.1827640462382187,9.822438208071983,30.55869664733506,0.0,4.3655280924764375,6.548292138714656,0.0,56.751865202193684,7.639674161833765,3.274146069357328,2.1827640462382187,2.1827640462382187,1.0913820231191094,0.0,27.284550577977733,1.9503116805161027,53,0.7924528301886793,43,0.9534883720930233
122984,1320,Eggestein,DEFENSE_MIDFIELD,CENTRE_LEFT,3.634383333333333,214.76385166666665,160,56,49,5,42,38,34,3,0,0,10,2,0,6,23,0,19,3,5,13,1,1,1,38,24.303797468354432,0.769888,0.0048118,0.031757,57.515,49.970625,37.166250000000005,96.30081666666666,149.5314421874927,52.33600476562245,39.252003574216836,35.513717519529514,0.0,9.345715136718294,1.869143027343659,0.0,5.6074290820309765,21.495144814452075,0.0,17.756858759764757,2.8037145410154882,4.672857568359147,12.149429677733782,0.9345715136718294,0.9345715136718294,0.9345715136718294,35.513717519529514,0.7195153935177774,54,0.9074074074074074,37,0.918918918918919
122984,62650,Sildillia,RIGHT_WINGBACK_DEFENDER,RIGHT,0.6751166666666666,215.28976833333337,267,89,74,11,79,58,56,2,0,0,2,61,0,7,9,0,36,3,8,5,6,7,2,48,18.935361216730037,1.068165,0.00400061797752809,0.109436,61.16428571428572,49.865037593984965,11.287218045112782,96.30081666666666,249.53059415037845,83.17686471679282,73.83114958007452,54.20514779296611,0.0,1.869143027343659,57.0088623339816,0.0,6.542000595702806,8.411143623046465,0.0,33.64457449218586,2.8037145410154882,7.476572109374636,4.672857568359147,5.6074290820309765,6.542000595702806,1.869143027343659,44.85943265624781,0.9982765809012697,85,0.8705882352941177,58,0.9655172413793104
122984,68933,Röhl,DEFENSE_MIDFIELD,CENTRE_RIGHT,1.9760833333333332,214.734485,175,55,46,7,48,45,39,4,3,0,24,5,1,8,6,0,48,16,3,13,1,1,1,51,29.058823529411764,2.12644,0.012151085714285715,0.293942,50.03313953488372,59.09476744186046,28.22093023255814,96.30081666666666,163.55001489257015,51.401433251950614,44.85943265624781,42.055718115232324,2.8037145410154882,22.429716328123906,4.672857568359147,0.9345715136718294,7.476572109374636,5.6074290820309765,0.0,44.85943265624781,14.953144218749271,2.8037145410154882,12.149429677733782,0.9345715136718294,0.9345715136718294,0.9345715136718294,47.6631471972633,1.987310249532325,53,0.8679245283018868,43,0.9069767441860465
122984,94848,Makengo,LEFT_WINGBACK_DEFENDER,LEFT,1.2326666666666666,214.30715166666667,181,56,46,6,51,48,46,1,0,0,0,47,0,3,1,0,30,1,1,9,1,4,1,21,13.714285714285714,0.644109,0.0035586132596685085,0.01207,59.021229050279324,53.42122905027933,60.24134078212291,96.30081666666666,169.15744397460114,52.33600476562245,47.6631471972633,44.85943265624781,0.0,0.0,43.924861142575985,0.0,2.8037145410154882,0.9345715136718294,0.0,28.03714541015488,0.9345715136718294,0.9345715136718294,8.411143623046465,0.9345715136718294,3.738286054687318,0.9345715136718294,19.626001787108418,0.6019659230996484,52,0.8846153846153846,47,0.9787234042553191
122984,94862,Weißhaupt,RIGHT_WINGER,RIGHT,1.4386666666666663,203.07043333333337,130,43,32,9,36,29,28,1,0,0,3,28,0,1,4,0,35,2,3,8,2,4,2,26,26.8503937007874,0.636126,0.004893276923076922,0.014268,55.410000000000004,56.956153846153846,10.742307692307692,82.46424999999999,141.87966300548422,46.9294269941217,39.28975283228793,31.65007867045417,0.0,3.274146069357328,30.55869664733506,0.0,1.0913820231191094,4.3655280924764375,0.0,38.19837080916883,2.1827640462382187,3.274146069357328,8.731056184952875,2.1827640462382187,4.3655280924764375,2.1827640462382187,28.375932601096842,0.6942564808386665,41,0.7804878048780488,29,0.9655172413793104
122997,622,Ginter,CENTRAL_DEFENDER,CENTRE_RIGHT,0.6776,213.94570166666665,134,47,37,6,37,31,30,0,1,0,2,4,0,0,29,0,2,2,2,11,0,1,1,21,18.208955223880597,0.40844199999999997,0.0030480746268656714,0.065911,69.84701492537313,37.60970149253731,20.421641791044777,100.10376666666666,120.47498712169673,42.25615219940109,33.265481518677454,27.871079110243272,0.8990670680723637,1.7981341361447274,3.596268272289455,0.0,0.0,26.072944974098547,0.0,1.7981341361447274,1.7981341361447274,1.7981341361447274,9.889737748796,0.0,0.8990670680723637,0.8990670680723637,18.880408429519637,0.36721675141761234,43,0.8604651162790697,30,1.0
122997,862,Sallai,RIGHT_WINGER,RIGHT,1.8730833333333337,206.37713333333335,105,34,18,11,32,18,18,0,3,1,5,10,0,13,0,0,47,13,0,4,3,2,0,46,40.41237113402062,1.596789,0.015353740384615384,0.359482,47.05,64.39399999999999,16.19,88.85294999999999,106.35550085844083,34.43892408749513,32.41310502352483,18.232371575732714,3.0387285959554524,5.064547659925754,10.129095319851508,0.0,13.167823915806961,0.0,0.0,47.60674800330209,13.167823915806961,0.0,4.0516381279406035,3.0387285959554524,2.0258190639703018,0.0,46.593838471316936,1.617402798669037,29,0.6206896551724138,18,1.0
122997,968,Gregoritsch,CENTER_FORWARD,CENTRE,5.66095,215.2009666666667,85,23,9,9,27,14,9,4,4,0,4,0,1,11,0,0,56,15,2,1,4,2,0,53,55.51282051282051,1.919163,0.022578388235294115,0.131873,35.29382716049383,73.53086419753086,34.10987654320988,100.10376666666666,76.42070078615092,20.678542565664365,24.27481083795382,12.58693895301309,3.596268272289455,3.596268272289455,0.0,0.8990670680723637,9.889737748796,0.0,0.0,50.34775581205236,13.486006021085455,1.7981341361447274,0.8990670680723637,3.596268272289455,1.7981341361447274,0.0,47.650554607835275,1.7254562515629617,18,0.5,13,0.6923076923076923
122997,1135,Gulde,CENTRAL_DEFENDER,CENTRE_LEFT,0.1615333333333333,202.93511666666663,121,43,33,9,29,20,19,0,0,0,0,7,0,2,19,0,2,0,6,13,0,3,0,25,21.637931034482758,0.23977,0.0019980833333333335,0.008912,69.4982905982906,38.50512820512821,46.60512820512821,87.27983333333333,124.77109068723398,44.34013966571125,29.903815123386657,20.62332077474942,0.0,0.0,7.218162271162297,0.0,2.0623320774749416,19.59215473601195,0.0,2.0623320774749416,0.0,6.186996232424826,13.405158503587122,0.0,3.093498116212413,0.0,25.779150968436774,0.2472426811080834,42,0.7857142857142857,19,1.0
122997,1294,Grifo,LEFT_WINGER,LEFT,4.673866666666667,189.71485,104,29,24,5,28,25,24,1,3,1,5,17,0,6,0,0,34,5,3,4,1,3,0,22,25.9,0.7685620000000001,0.007461766990291263,0.076187,52.30291262135922,60.03009708737864,51.992233009708734,79.65384999999999,117.50844435014756,32.76677775148345,31.636888863501266,28.247222199554702,3.389666663946564,5.6494444399109405,19.2081110956972,0.0,6.779333327893128,0.0,0.0,38.4162221913944,5.6494444399109405,3.389666663946564,4.519555551928752,1.129888887982188,3.389666663946564,0.0,24.85755553560814,0.8683896635253664,29,0.8275862068965517,25,0.96
122997,1320,Eggestein,DEFENSE_MIDFIELD,CENTRE_LEFT,1.6577833333333334,215.11608333333336,116,41,32,6,25,25,24,1,0,0,7,1,0,5,12,0,20,2,8,11,1,2,1,33,26.92982456140351,0.515837,0.004446870689655173,0.019222,59.007017543859654,48.5719298245614,35.52894736842106,100.10376666666666,104.29177989639419,36.86174979096691,22.47667670180909,22.47667670180909,0.0,6.293469476506545,0.8990670680723637,0.0,4.495335340361819,10.788804816868364,0.0,17.981341361447274,1.7981341361447274,7.19253654457891,9.889737748796,0.8990670680723637,1.7981341361447274,0.8990670680723637,29.669213246388,0.4637720591932439,38,0.8421052631578947,25,0.96
122997,9604,Höler,ATTACKING_MIDFIELD,CENTRE,0.2081166666666666,204.69766666666663,96,31,19,11,35,17,10,2,4,1,9,1,5,9,0,2,46,18,1,6,0,0,0,56,48.93617021276596,2.33635,0.02459315789473684,0.359482,42.74315789473684,65.54631578947368,29.61368421052632,88.85294999999999,97.23931507057448,31.400195491539677,35.451833619480276,17.219462043747566,4.0516381279406035,9.116185787866357,1.0129095319851509,5.064547659925754,9.116185787866357,0.0,2.0258190639703018,46.593838471316936,18.232371575732714,1.0129095319851509,6.077457191910905,0.0,0.0,0.0,56.722933791168444,2.366511185053507,30,0.6333333333333333,12,0.8333333333333334
122997,62650,Sildillia,RIGHT_WINGBACK_DEFENDER,RIGHT,0.7265666666666667,215.51996833333337,166,49,29,14,37,31,28,1,0,0,0,32,0,4,1,0,23,2,6,11,2,2,3,41,26.625,0.495654,0.002985867469879518,0.01713,66.05548780487806,46.05121951219512,9.354268292682926,88.85294999999999,168.14298230953503,49.63256706727239,37.47765268345058,31.400195491539677,0.0,0.0,32.41310502352483,0.0,4.0516381279406035,1.0129095319851509,0.0,23.296919235658468,2.0258190639703018,6.077457191910905,11.14200485183666,2.0258190639703018,2.0258190639703018,3.0387285959554524,41.529290811391185,0.502052661166568,43,0.6744186046511628,29,0.9655172413793104
122997,68933,Röhl,DEFENSE_MIDFIELD,CENTRE_RIGHT,1.1479,202.53735,85,26,22,4,20,19,14,5,0,0,11,3,0,3,2,0,26,3,5,6,3,3,0,29,34.390243902439025,0.656828,0.0077273882352941175,0.073301,48.391463414634146,60.00243902439024,29.109756097560975,88.85294999999999,86.09731021873782,26.335647831613922,20.258190639703017,19.245281107717865,0.0,11.14200485183666,3.0387285959554524,0.0,3.0387285959554524,2.0258190639703018,0.0,26.335647831613922,3.0387285959554524,5.064547659925754,6.077457191910905,3.0387285959554524,3.0387285959554524,0.0,29.374376427569374,0.6653073420747426,26,0.8461538461538461,19,0.7368421052631579
122997,94848,Makengo,LEFT_WINGBACK_DEFENDER,LEFT,0.6201666666666666,216.65656833333333,91,29,18,8,19,20,20,0,1,0,0,14,0,2,2,0,37,2,0,10,1,0,2,29,30.44943820224719,0.554635,0.0060948901098901095,0.054816,58.15934065934066,53.949450549450546,56.253846153846155,100.10376666666666,81.81510319458509,26.072944974098547,17.08227429337491,17.981341361447274,0.8990670680723637,0.0,12.58693895301309,0.0,1.7981341361447274,1.7981341361447274,0.0,33.265481518677454,1.7981341361447274,0.0,8.990670680723637,0.8990670680723637,0.0,1.7981341361447274,26.072944974098547,0.4986540633003154,26,0.6923076923076923,20,1.0
123002,622,Ginter,CENTRAL_DEFENDER,CENTRE_RIGHT,0.95775,216.73951666666665,268,92,78,9,81,69,68,1,2,0,0,1,1,2,75,0,9,9,1,14,1,1,2,37,12.226415094339623,0.905828,0.003379955223880597,0.065911,65.30936329588015,41.31722846441948,26.35056179775281,102.24888333333334,235.89499673427565,80.97887947594538,71.29662214729973,60.73415960695903,1.7604104233901168,0.0,0.8802052116950584,0.8802052116950584,1.7604104233901168,66.01539087712938,0.0,7.921846905255525,7.921846905255525,0.8802052116950584,12.322872963730818,0.8802052116950584,0.8802052116950584,1.7604104233901168,32.56759283271716,0.7973145264993113,87,0.896551724137931,69,0.9855072463768116
123002,968,Gregoritsch,CENTER_FORWARD,CENTRE_LEFT,11.786566666666666,212.64790166666668,73,23,17,4,20,16,13,1,0,0,5,4,0,10,0,0,13,4,3,5,0,2,1,34,37.285714285714285,0.518629,0.007104506849315069,0.034038,51.58732394366197,55.98169014084507,27.94647887323944,102.24888333333334,64.25498045373926,20.244719868986344,17.604104233901168,14.083283387120934,0.0,4.401026058475292,3.5208208467802335,0.0,8.802052116950584,0.0,0.0,11.44266775203576,3.5208208467802335,2.640615635085175,4.401026058475292,0.0,1.7604104233901168,0.8802052116950584,29.926977197631984,0.4564999487361965,21,0.8095238095238095,14,0.9285714285714286
123002,986,Kübler,RIGHT_WINGBACK_DEFENDER,RIGHT,1.1477666666666666,191.50885,144,48,40,5,39,34,34,0,0,0,1,25,0,3,10,0,9,0,2,6,4,3,3,30,21.549295774647888,0.355726,0.0024703194444444443,0.007008,67.93055555555556,41.58888888888889,12.45,77.69335,166.80964329636964,55.60321443212322,45.17761172610011,39.38561022275395,0.0,1.1584003006692336,28.96000751673084,0.0,3.475200902007701,11.584003006692337,0.0,10.425602706023103,0.0,2.316800601338467,6.950401804015402,4.633601202676934,3.475200902007701,3.475200902007701,34.75200902007701,0.41207310535586383,45,0.8888888888888888,34,1.0
123002,1294,Grifo,LEFT_WINGER,LEFT,0.8839833333333333,205.2084,156,49,37,11,51,37,34,2,1,1,15,20,0,6,9,0,33,2,0,2,1,2,1,26,18.68421052631579,1.7018950000000002,0.010979967741935485,0.789325,53.225806451612904,56.96709677419354,50.68387096774194,92.62573333333333,151.577747292689,47.61095908552411,49.55426353799448,35.95113237070188,0.971652226235186,14.57478339352779,19.433044524703718,0.0,5.829913357411115,8.744870036116673,0.0,32.064523465761134,1.943304452470372,0.0,1.943304452470372,0.971652226235186,1.943304452470372,0.971652226235186,25.262957882114833,1.653650065568532,48,0.7708333333333334,36,0.9444444444444444
123002,1320,Eggestein,DEFENSE_MIDFIELD,CENTRE_LEFT,2.37475,215.22756666666663,192,66,57,6,47,44,44,0,0,0,4,4,0,4,33,0,20,3,11,12,1,4,2,44,21.329787234042552,0.733922,0.0038225104166666663,0.034462,60.20736842105263,46.78947368421053,33.59842105263158,102.24888333333334,168.9994006454512,58.093543971873856,41.369644949667745,38.72902931458257,0.0,3.5208208467802335,3.5208208467802335,0.0,3.5208208467802335,29.046771985936928,0.0,17.604104233901168,2.640615635085175,9.682257328645642,10.5624625403407,0.8802052116950584,3.5208208467802335,1.7604104233901168,38.72902931458257,0.6460019693776605,63,0.9047619047619048,44,1.0
123002,9604,Höler,CENTER_FORWARD,CENTRE_RIGHT,1.4667666666666668,215.82701833333337,100,33,19,12,35,16,9,4,1,0,3,5,0,12,0,0,40,13,2,4,1,2,3,66,55.25773195876289,1.213551,0.01213551,0.202993,47.197979797979805,62.422222222222224,23.476767676767675,86.85975,103.6153108891057,34.193052593404886,36.265358811187,16.578449742256915,1.0361531088910572,3.108459326673171,5.180765544455285,0.0,12.433837306692684,0.0,0.0,41.44612435564228,13.469990415583743,2.0723062177821143,4.144612435564229,1.0361531088910572,2.0723062177821143,3.108459326673171,68.38610518680977,1.2574246414478514,31,0.6129032258064516,13,0.6923076923076923
123002,62650,Sildillia,CENTRAL_DEFENDER,CENTRE_LEFT,1.68065,215.70173333333332,252,83,66,8,72,66,66,0,1,0,0,20,0,1,50,0,11,2,2,10,3,3,4,36,14.143426294820717,0.868934,0.0034481507936507936,0.098812,65.43412698412699,43.42619047619048,40.53174603174603,77.69335,291.9168757686469,96.14722495554639,83.40482164818482,76.45441984416942,1.1584003006692336,0.0,23.168006013384673,0.0,1.1584003006692336,57.92001503346168,0.0,12.74240330736157,2.316800601338467,2.316800601338467,11.584003006692337,3.475200902007701,3.475200902007701,4.633601202676934,41.70241082409241,1.0065734068617198,74,0.8918918918918919,66,1.0
123002,68933,Röhl,DEFENSE_MIDFIELD,CENTRE_RIGHT,0.1184666666666666,199.59316666666663,118,41,33,4,31,23,20,2,0,0,9,4,1,7,8,0,17,2,3,9,4,3,3,45,33.162393162393165,0.573689,0.004861771186440678,0.041196,56.97692307692308,51.43418803418803,23.00769230769231,77.69335,136.69123547896956,47.49441232743858,35.91040932074625,26.643206915392373,0.0,10.425602706023103,4.633601202676934,1.1584003006692336,8.108802104684635,9.267202405353869,0.0,19.692805111376973,2.316800601338467,3.475200902007701,10.425602706023103,4.633601202676934,3.475200902007701,3.475200902007701,52.12801353011552,0.664561510090632,37,0.8918918918918919,22,0.9090909090909091
123002,94848,Makengo,LEFT_WINGBACK_DEFENDER,LEFT,0.81315,189.38965166666668,73,24,17,4,21,14,10,2,0,0,0,16,0,3,1,0,12,1,1,5,2,1,0,24,28.115942028985508,0.289065,0.003959794520547945,0.017357,60.598571428571425,50.244285714285716,54.28142857142857,77.69335,84.56322194885406,27.80160721606161,24.32640631405391,16.21760420936927,0.0,0.0,18.534404810707738,0.0,3.475200902007701,1.1584003006692336,0.0,13.900803608030804,1.1584003006692336,1.1584003006692336,5.792001503346168,2.316800601338467,1.1584003006692336,0.0,27.80160721606161,0.334852982912952,21,0.8095238095238095,12,0.8333333333333334
123002,94862,Weißhaupt,RIGHT_WINGER,RIGHT,1.2178833333333332,215.9792833333333,139,44,30,10,47,41,34,3,0,0,2,36,0,6,1,0,49,1,2,2,0,0,0,27,21.386861313868614,0.749243,0.0053902374100719425,0.030389,55.18405797101449,58.7731884057971,22.93623188405797,77.69335,161.01764179302347,50.96961322944628,54.44481413145398,47.49441232743858,0.0,2.316800601338467,41.70241082409241,0.0,6.950401804015402,1.1584003006692336,0.0,56.76161473279245,1.1584003006692336,2.316800601338467,2.316800601338467,0.0,0.0,0.0,31.276808118069308,0.8679233164743186,40,0.75,37,0.918918918918919
123017,622,Ginter,CENTRAL_DEFENDER,CENTRE_RIGHT,0.12555,199.950485,111,38,29,6,27,24,24,0,1,0,0,5,0,1,20,0,4,2,6,6,2,2,1,25,19.90909090909091,0.9683260000000001,0.008723657657657658,0.359482,68.36090909090909,38.91454545454546,21.778181818181817,94.76785,105.41549692221571,36.08818813553331,25.641607359457876,22.79253987507367,0.9496891614614028,0.0,4.748445807307014,0.0,0.9496891614614028,18.993783229228058,0.0,3.7987566458456112,1.8993783229228056,5.698134968768417,5.698134968768417,1.8993783229228056,1.8993783229228056,0.9496891614614028,23.742229036535072,0.9196087069612745,35,0.8285714285714286,24,1.0
123017,862,Sallai,RIGHT_WINGER,RIGHT,1.2735666666666667,221.534685,89,25,13,9,27,21,16,4,1,0,2,16,0,6,0,0,38,6,1,4,1,1,2,26,31.785714285714285,0.720914,0.008100157303370787,0.054816,47.206896551724135,65.37931034482759,10.942528735632184,112.30675,71.32251623344101,20.034414672314888,21.63716784610008,16.828908324744507,0.8013765868925955,1.602753173785191,12.822025390281528,0.0,4.808259521355573,0.0,0.0,30.45231030191863,4.808259521355573,0.8013765868925955,3.205506347570382,0.8013765868925955,0.8013765868925955,1.602753173785191,20.835791259207483,0.5777236007630886,22,0.5909090909090909,20,0.8
123017,986,Kübler,RIGHT_WINGBACK_DEFENDER,RIGHT,2.0375,217.033535,169,44,28,10,34,32,28,4,1,1,0,29,0,3,0,0,26,3,8,11,4,8,4,45,26.1875,0.715979,0.004261779761904762,0.098812,62.82874251497006,48.58383233532934,10.661077844311377,112.30675,135.43264318484864,35.2605698232742,27.24680395434825,25.644050780563056,0.8013765868925955,0.0,23.23992101988527,0.0,2.4041297606777867,0.0,0.0,20.835791259207483,2.4041297606777867,6.411012695140764,8.81514245581855,3.205506347570382,6.411012695140764,3.205506347570382,36.0619464101668,0.5737688073067737,38,0.7368421052631579,32,0.875
123017,1050,Höfler,DEFENSE_MIDFIELD,CENTRE_LEFT,1.1664333333333334,193.1382,108,36,29,7,28,23,20,2,0,0,11,0,0,5,11,0,19,0,6,7,1,3,0,27,29.326923076923077,0.452999,0.004194435185185185,0.01713,57.278301886792455,50.21792452830189,31.09245283018868,84.57955,114.92139648413831,38.307132161379435,29.79443612551734,24.47400110310353,0.0,11.704957049310384,0.0,0.0,5.32043502241381,11.704957049310384,0.0,20.21765308517248,0.0,6.3845220268965726,7.448609031379335,1.0640870044827622,3.1922610134482863,0.0,28.73034912103458,0.4820303489436867,36,0.8055555555555556,22,0.9090909090909091
123017,1135,Gulde,CENTRAL_DEFENDER,CENTRE_LEFT,3.825816666666667,218.18636833333332,111,39,26,6,30,26,26,0,0,0,1,4,0,2,23,0,0,0,1,10,0,2,1,21,17.339449541284402,0.265589,0.002392693693693694,0.006337,67.07181818181817,40.33363636363636,41.655454545454546,112.30675,88.95280114507811,31.253686888811227,24.041297606777867,20.835791259207483,0.0,0.8013765868925955,3.205506347570382,0.0,1.602753173785191,18.431661498529696,0.0,0.0,0.0,0.8013765868925955,8.013765868925956,0.0,1.602753173785191,0.8013765868925955,16.828908324744507,0.21283680633621757,32,0.8125,26,1.0
123017,1294,Grifo,LEFT_WINGER,LEFT,0.2166833333333333,200.86408333333333,91,30,24,5,22,19,19,0,0,0,9,7,0,3,1,0,23,1,1,7,1,1,2,23,29.213483146067414,0.44946200000000003,0.004939142857142857,0.030389,60.494505494505496,49.86813186813187,40.52307692307692,94.76785,86.42171369298765,28.490674843842086,20.89316155215086,18.044094067766654,0.0,8.547202453152625,6.64782413022982,0.0,2.8490674843842085,0.9496891614614028,0.0,21.842850713612265,0.9496891614614028,0.9496891614614028,6.64782413022982,0.9496891614614028,0.9496891614614028,1.8993783229228056,21.842850713612265,0.426849189888765,29,0.8275862068965517,19,1.0
123017,1320,Eggestein,DEFENSE_MIDFIELD,CENTRE_RIGHT,5.135716666666666,221.558385,88,28,21,7,24,16,14,0,2,0,6,5,0,5,3,1,17,3,5,5,1,3,1,32,32.674418604651166,0.528745,0.0060084659090909095,0.057995,54.93448275862069,53.239080459770115,23.7183908045977,112.30675,70.5211396465484,22.438544432992675,19.233038085422294,12.822025390281528,1.602753173785191,4.808259521355573,4.006882934462978,0.0,4.006882934462978,2.4041297606777867,0.8013765868925955,13.623401977174124,2.4041297606777867,4.006882934462978,4.006882934462978,0.8013765868925955,2.4041297606777867,0.8013765868925955,25.644050780563056,0.42372386343652546,28,0.75,14,1.0
123017,9604,Höler,CENTER_FORWARD,CENTRE,1.0941833333333333,202.01661666666664,66,24,9,12,23,10,9,0,0,0,4,1,0,8,0,0,17,6,2,1,1,2,1,43,55.0,0.438984,0.006651272727272727,0.015073,46.46769230769231,61.650769230769235,29.766153846153845,84.57955,70.2297422958623,25.53808810758629,24.47400110310353,10.64087004482762,0.0,4.256348017931049,1.0640870044827622,0.0,8.512696035862097,0.0,0.0,18.089479076206956,6.3845220268965726,2.1281740089655243,1.0640870044827622,1.0640870044827622,2.1281740089655243,1.0640870044827622,45.75574119275877,0.4671171695758608,21,0.42857142857142855,9,1.0
123017,94848,Makengo,LEFT_WINGBACK_DEFENDER,LEFT,0.079,192.85506666666663,62,21,15,5,17,14,14,0,0,0,0,15,0,0,1,0,16,0,2,3,1,1,1,13,31.93548387096774,0.224459,0.003620306451612903,0.010543,61.458064516129035,50.75967741935484,57.979032258064514,84.57955,65.97339427793125,22.345827094138006,18.089479076206956,14.89721806275867,0.0,0.0,15.961305067241431,0.0,0.0,1.0640870044827622,0.0,17.025392071724195,0.0,2.1281740089655243,3.1922610134482863,1.0640870044827622,1.0640870044827622,1.0640870044827622,13.833131058275908,0.2388439049391963,20,0.75,14,1.0
123020,862,Sallai,RIGHT_WINGER,RIGHT,1.1635666666666666,198.30356666666663,58,19,8,7,16,17,16,0,0,0,3,11,0,2,0,0,20,1,2,1,2,1,0,10,25.0,0.341066,0.005880448275862068,0.02987,57.83275862068966,54.94655172413793,13.282758620689656,71.3176,73.19371375368773,23.977251057242533,20.191369311362134,21.453329893322266,0.0,3.7858817458804,13.881566401561466,0.0,2.5239211639202668,0.0,0.0,25.239211639202665,1.2619605819601334,2.5239211639202668,1.2619605819601334,2.5239211639202668,1.2619605819601334,0.0,12.619605819601333,0.4304118478468148,15,0.5333333333333333,16,1.0
123020,968,Gregoritsch,CENTER_FORWARD,CENTRE_LEFT,0.9711333333333332,178.227085,38,9,7,2,11,7,5,1,1,0,4,2,0,1,0,1,19,6,1,0,1,1,3,14,46.285714285714285,0.933803,0.024573763157894737,0.202993,38.33611111111111,71.45277777777778,41.67777777777778,71.3176,47.95450211448507,11.357645237641199,13.881566401561466,8.833724073720933,1.2619605819601334,5.0478423278405335,2.5239211639202668,0.0,1.2619605819601334,0.0,1.2619605819601334,23.977251057242533,7.5717634917608,1.2619605819601334,0.0,1.2619605819601334,1.2619605819601334,3.7858817458804,17.667448147441867,1.1784225773161183,9,0.7777777777777778,6,0.8333333333333334
123020,986,Kübler,RIGHT_WINGBACK_DEFENDER,RIGHT,0.1068333333333333,216.56825,149,48,34,12,31,33,30,1,0,0,2,25,0,3,1,0,13,0,5,13,6,4,2,37,25.4421768707483,0.456885,0.0030663422818791946,0.01713,67.70738255033557,42.532214765100676,11.638255033557046,107.79286666666667,124.40526367545657,40.0768634659189,25.882974321739287,27.55284363281924,0.0,1.6698693110799538,20.873366388499424,0.0,2.504803966619931,0.8349346555399769,0.0,10.854150522019701,0.0,4.174673277699885,10.854150522019701,5.009607933239862,3.3397386221599077,1.6698693110799538,30.892582254979146,0.3814691200963824,46,0.7391304347826086,31,0.967741935483871
123020,1050,Höfler,DEFENSE_MIDFIELD,CENTRE_LEFT,0.1539,213.18883333333332,83,27,23,3,22,19,17,1,0,0,11,0,1,2,8,0,8,2,4,5,0,2,2,20,25.80246913580247,0.349926,0.004215975903614458,0.020659,58.19024390243903,49.380487804878044,41.16951219512195,107.79286666666667,69.29957640981809,22.543235699579377,18.368562421879492,15.863758455259562,0.0,9.184281210939746,0.0,0.8349346555399769,1.6698693110799538,6.679477244319815,0.0,6.679477244319815,1.6698693110799538,3.3397386221599077,4.174673277699885,0.0,1.6698693110799538,1.6698693110799538,16.69869311079954,0.292165344274482,26,0.8846153846153846,18,0.9444444444444444
123020,1294,Grifo,LEFT_WINGER,LEFT,0.0,178.3014,107,32,16,14,27,27,25,2,0,0,5,12,0,5,2,0,46,0,2,5,0,0,3,24,24.653465346534652,0.76657,0.007164205607476635,0.030389,48.87009345794393,63.89439252336449,49.11682242990654,71.3176,135.02978226973426,40.38273862272427,34.0729357129236,34.0729357129236,0.0,6.309802909800666,15.1435269835216,0.0,6.309802909800666,2.5239211639202668,0.0,58.05018677016613,0.0,2.5239211639202668,6.309802909800666,0.0,0.0,3.7858817458804,30.2870539670432,0.9673811233131793,30,0.5333333333333333,27,0.9259259259259259
123020,1320,Eggestein,DEFENSE_MIDFIELD,CENTRE_RIGHT,1.1835,214.22511833333337,130,42,33,7,34,31,27,3,1,0,21,3,0,6,1,0,28,3,7,5,3,3,2,46,33.28125,0.855516,0.006580892307692308,0.060841,52.30769230769231,55.97230769230769,24.353846153846153,107.79286666666667,108.54150522019701,35.067255532679035,28.38777828835922,25.882974321739287,0.8349346555399769,17.533627766339517,2.504803966619931,0.0,5.009607933239862,0.8349346555399769,0.0,23.378170355119355,2.504803966619931,5.844542588779839,4.174673277699885,2.504803966619931,2.504803966619931,1.6698693110799538,38.40699415483894,0.714299956768939,40,0.825,30,0.9
123020,9604,Höler,CENTER_FORWARD,CENTRE_RIGHT,0.2818666666666666,209.69275,73,23,13,8,20,17,13,1,1,0,9,3,1,6,0,0,17,5,1,7,1,1,1,29,32.87671232876713,0.637238,0.008729287671232877,0.076187,52.4027397260274,56.49863013698629,36.75479452054795,107.79286666666667,60.95022985441832,19.20349707741947,16.69869311079954,14.19388914417961,0.8349346555399769,7.514411899859793,2.504803966619931,0.8349346555399769,5.009607933239862,0.0,0.0,14.19388914417961,4.174673277699885,0.8349346555399769,5.844542588779839,0.8349346555399769,0.8349346555399769,0.8349346555399769,24.213105010659334,0.5320520900269838,21,0.6190476190476191,14,0.9285714285714286
123020,15811,Doan,RIGHT_WINGER,RIGHT,184.78963333333337,216.53803333333332,37,10,5,5,12,8,6,1,1,0,1,9,0,2,0,0,16,0,2,0,0,0,1,10,30.571428571428573,0.262454,0.007093351351351352,0.021669,49.34444444444445,65.04444444444444,7.005555555555556,36.47526666666667,91.29474036287603,24.674254152128654,29.609104982554385,19.739403321702923,2.4674254152128654,2.4674254152128654,22.20682873691579,0.0,4.934850830425731,0.0,0.0,39.478806643405846,0.0,4.934850830425731,0.0,0.0,0.0,2.4674254152128654,24.674254152128654,0.6475856699242775,10,0.5,7,0.8571428571428571
123020,29624,Szalai,CENTRAL_DEFENDER,CENTRE_LEFT,26.25315,213.977385,102,32,21,9,22,19,19,0,1,0,0,0,0,1,20,0,10,3,3,9,1,2,2,22,20.625,0.32596200000000003,0.0031957058823529417,0.034462,72.08725490196078,35.58137254901961,44.20980392156862,85.56615000000001,107.28541602023697,33.658169731839045,23.139991690639345,19.984538278279434,1.0518178041199702,0.0,0.0,0.0,1.0518178041199702,21.036356082399404,0.0,10.518178041199702,3.1554534123599107,3.1554534123599107,9.466360237079732,1.0518178041199702,2.1036356082399403,2.1036356082399403,23.139991690639345,0.3428526350665538,30,0.7,19,1.0
123020,62650,Sildillia,CENTRAL_DEFENDER,CENTRE_RIGHT,1.04605,216.59585,139,42,27,10,35,32,30,0,0,0,0,1,0,1,32,0,3,2,2,7,1,1,6,25,18.333333333333332,0.32460100000000003,0.002335258992805756,0.031642,72.28529411764706,35.18970588235294,20.600735294117644,107.79286666666667,116.0559171200568,35.067255532679035,29.222712943899193,26.71790897727926,0.0,0.0,0.8349346555399769,0.0,0.8349346555399769,26.71790897727926,0.0,2.504803966619931,1.6698693110799538,1.6698693110799538,5.844542588779839,0.8349346555399769,0.8349346555399769,5.009607933239862,20.873366388499424,0.2710206241229321,37,0.7297297297297297,30,1.0
123020,94848,Makengo,LEFT_WINGBACK_DEFENDER,LEFT,0.2527999999999999,191.56328333333337,75,23,21,2,18,18,17,0,1,0,0,15,0,1,1,0,34,1,3,4,1,1,0,14,23.380281690140844,0.436096,0.005814613333333333,0.016635,53.28648648648648,59.42702702702703,57.77162162162163,92.08871666666667,73.29888225539031,22.47832389165303,17.591731741293675,17.591731741293675,0.9773184300718709,0.0,14.659776451078063,0.0,0.9773184300718709,0.9773184300718709,0.0,33.22882662244361,0.9773184300718709,2.9319552902156127,3.9092737202874837,0.9773184300718709,0.9773184300718709,0.0,13.682458021006193,0.42620465808062263,23,0.9130434782608695,17,1.0
123020,94862,Weißhaupt,LEFT_WINGER,LEFT,185.64856666666668,209.92966833333332,33,10,7,2,10,10,9,1,0,0,2,7,0,1,0,0,17,0,0,1,0,0,1,5,14.6875,0.250658,0.007595696969696969,0.010923,42.47878787878788,73.17272727272727,58.82424242424243,36.47526666666667,81.42503870202457,24.674254152128654,24.674254152128654,24.674254152128654,0.0,4.934850830425731,17.271977906490058,0.0,2.4674254152128654,0.0,0.0,41.94623205861871,0.0,0.0,2.4674254152128654,0.0,0.0,2.4674254152128654,12.337127076064327,0.6184799197264265,9,0.7777777777777778,10,0.9
123031,862,Sallai,ATTACKING_MIDFIELD,CENTRE_RIGHT,6.560433333333333,206.69921666666667,80,22,16,3,26,18,16,2,3,0,7,3,1,6,3,3,41,8,1,1,1,2,0,19,28.8,1.037956,0.012974450000000002,0.076187,41.19610389610389,70.05844155844156,27.733766233766232,95.5318,75.36757393873035,20.726082833150844,24.494461530087364,16.95770413621433,2.8262840227023878,6.594662719638905,2.8262840227023878,0.9420946742341293,5.6525680454047755,2.8262840227023878,2.8262840227023878,38.6258816435993,7.536757393873034,0.9420946742341293,0.9420946742341293,0.9420946742341293,1.8841893484682586,0.0,17.899798810448456,0.97785281968936,19,0.8421052631578947,18,0.8888888888888888
123031,986,Kübler,CENTRAL_DEFENDER,CENTRE_RIGHT,0.2393333333333333,221.64091666666667,218,76,58,10,62,47,46,0,0,0,0,16,0,3,40,0,16,0,3,13,1,2,3,31,15.86046511627907,0.67159,0.0030806880733944956,0.016635,63.62453703703704,45.85740740740741,13.837037037037037,108.18293333333332,181.35947506199378,63.2262390124382,51.57930024698906,39.10043728400783,0.0,0.0,13.310787160513305,0.0,2.4957725925962446,33.276967901283264,0.0,13.310787160513305,0.0,2.4957725925962446,10.81501456791706,0.8319241975320816,1.6638483950641632,2.4957725925962446,25.78965012349453,0.5587119718205706,68,0.8529411764705882,46,1.0
123031,1050,Höfler,DEFENSE_MIDFIELD,CENTRE_LEFT,4.1247,220.23321833333333,191,68,57,9,57,47,45,2,0,0,24,0,0,3,28,0,20,0,6,10,1,1,1,27,19.05759162303665,0.786941,0.004120109947643979,0.017357,59.483246073298425,46.97696335078534,35.341884816753925,108.18293333333332,158.89752172862757,56.57084543218154,47.419679259328646,39.10043728400783,0.0,19.966180740769957,0.0,0.0,2.4957725925962446,23.293877530898282,0.0,16.638483950641632,0.0,4.991545185192489,8.319241975320816,0.8319241975320816,0.8319241975320816,0.8319241975320816,22.4619533333662,0.6546752599300938,66,0.8636363636363636,47,0.9574468085106383
123031,1135,Gulde,CENTRAL_DEFENDER,CENTRE_LEFT,0.7713166666666668,221.5792,193,70,57,8,59,41,40,0,1,0,0,9,0,2,46,0,11,6,3,11,1,2,0,17,10.842105263157896,0.774769,0.004014347150259068,0.109436,66.30673575129534,41.315025906735755,45.100518134715024,108.18293333333332,160.56137012369174,58.23469382724571,49.08352765439281,34.108892098815346,0.8319241975320816,0.0,7.487317777788734,0.0,1.6638483950641632,38.26851308647575,0.0,9.151166172852896,4.991545185192489,2.4957725925962446,9.151166172852896,0.8319241975320816,1.6638483950641632,0.0,14.142711358045386,0.6445490785977334,65,0.8769230769230769,40,1.0
123031,1294,Grifo,ATTACKING_MIDFIELD,CENTRE_LEFT,0.0,202.71546666666663,98,31,26,4,26,24,23,1,1,1,8,12,0,3,3,0,44,6,0,6,0,0,0,13,18.541666666666668,1.873782,0.019317340206185567,0.789325,43.06082474226804,68.56288659793815,44.62474226804124,89.80668333333332,98.21095349065521,31.066730185819505,26.05596725262281,24.051662079344133,1.0021525866393388,8.01722069311471,12.025831039672067,0.0,3.0064577599180167,3.0064577599180167,0.0,44.09471381213091,6.012915519836033,0.0,6.012915519836033,0.0,0.0,0.0,13.027983626311405,1.8778154780982337,30,0.8666666666666667,24,0.9583333333333334
123031,1320,Eggestein,DEFENSE_MIDFIELD,CENTRE_RIGHT,0.1861,218.2887,126,45,35,6,38,26,25,0,1,0,14,9,1,6,4,0,46,7,3,7,0,1,1,35,30.48,0.906815,0.007196944444444445,0.035805,48.526984126984125,61.4984126984127,16.346825396825395,108.18293333333332,104.82244888904228,37.43658888894367,31.6131195062191,21.63002913583412,0.8319241975320816,11.646938765449141,7.487317777788734,0.8319241975320816,4.991545185192489,3.3276967901283263,0.0,38.26851308647575,5.8234693827245705,2.4957725925962446,5.8234693827245705,0.0,0.8319241975320816,0.8319241975320816,29.117346913622853,0.7544013411850545,41,0.8536585365853658,25,1.0
123031,9604,Höler,CENTER_FORWARD,CENTRE,6.655683333333333,183.57996833333337,50,18,8,9,18,9,6,1,1,0,6,2,0,2,0,1,37,11,1,2,1,0,0,29,50.0,1.204257,0.024085139999999998,0.131873,31.878,77.61399999999999,34.152,84.70976666666667,53.12256398612832,19.124123035006196,19.124123035006196,9.562061517503098,1.0624512797225665,6.374707678335398,2.124902559445133,0.0,2.124902559445133,0.0,1.0624512797225665,39.31069734973496,11.68696407694823,1.0624512797225665,2.124902559445133,1.0624512797225665,0.0,0.0,30.811087111954425,1.2794643907648586,17,0.47058823529411764,7,0.8571428571428571
123031,15811,Doan,RIGHT_WINGBACK_DEFENDER,RIGHT,0.1772,218.30605,137,44,26,12,42,34,30,4,1,1,6,25,0,10,0,0,43,3,0,8,1,1,1,49,33.484848484848484,1.234734,0.009078926470588236,0.202993,50.53037037037037,61.879999999999995,11.064444444444446,108.18293333333332,113.97361506189517,36.604664691411585,34.94081629634742,28.28542271609077,0.8319241975320816,4.991545185192489,20.79810493830204,0.0,8.319241975320816,0.0,0.0,35.7727404938795,2.4957725925962446,0.0,6.655393580256653,0.8319241975320816,0.8319241975320816,0.8319241975320816,40.764285679071996,1.027205092115577,38,0.6842105263157895,34,0.8823529411764706
123031,27747,Keitel,CENTRAL_DEFENDER,CENTRE,0.7948500000000001,195.30531666666667,205,70,58,11,57,59,57,1,0,0,2,4,0,0,51,0,1,0,2,14,1,1,0,23,11.617647058823529,0.389915,0.0019020243902439025,0.006337,72.89658536585365,34.07414634146341,23.522439024390245,84.70976666666667,217.80251234312612,74.37158958057965,60.559722944186284,62.684625503631416,0.0,2.124902559445133,4.249805118890266,0.0,0.0,54.185015265850886,0.0,1.0624512797225665,0.0,2.124902559445133,14.87431791611593,1.0624512797225665,1.0624512797225665,0.0,24.436379433619027,0.41426569073302455,69,0.8405797101449275,58,0.9827586206896551
123031,94848,Makengo,LEFT_WINGBACK_DEFENDER,LEFT,0.1409166666666666,191.58310166666664,70,20,16,1,15,16,12,2,0,0,0,10,1,3,0,0,26,4,2,8,0,1,1,21,27.971014492753625,0.453162,0.006473742857142857,0.040514,55.53478260869565,57.368115942028986,59.015942028985506,84.70976666666667,74.37158958057965,21.24902559445133,15.936769195838496,16.999220475561064,0.0,0.0,10.624512797225664,1.0624512797225665,3.187353839167699,0.0,0.0,27.623733272786726,4.249805118890266,2.124902559445133,8.499610237780532,0.0,1.0624512797225665,1.0624512797225665,22.311476874173895,0.48146254682163764,17,0.9411764705882353,14,0.8571428571428571
123037,622,Ginter,CENTRAL_DEFENDER,CENTRE_RIGHT,38.124916666666664,209.933535,64,22,8,8,11,10,10,0,0,0,1,1,0,0,7,0,0,0,2,12,1,4,0,24,36.935483870967744,0.085719,0.001339359375,0.002829,80.2140625,27.984375,15.7125,61.73813333333333,93.29728142088305,32.07094048842855,16.035470244214274,14.577700222012975,0.0,1.4577700222012977,1.4577700222012977,0.0,0.0,10.204390155409083,0.0,0.0,0.0,2.9155400444025954,17.493240266415572,1.4577700222012977,5.831080088805191,0.0,34.986480532831145,0.12495858853307303,16,0.5,10,1.0
123037,968,Gregoritsch,CENTER_FORWARD,CENTRE_RIGHT,7.187283333333334,185.15055166666667,36,15,4,8,15,3,2,1,0,0,4,0,0,4,0,0,10,2,0,0,1,0,0,22,62.05882352941177,0.294247,0.008173527777777778,0.054816,48.83142857142857,58.77142857142857,29.560000000000002,68.8129,47.08419496925722,19.61841457052384,19.61841457052384,3.923682914104768,0.0,5.231577218806358,0.0,0.0,5.231577218806358,0.0,0.0,13.078943047015894,2.615788609403179,0.0,0.0,1.3078943047015894,0.0,0.0,28.773674703434967,0.38484397547552857,12,0.3333333333333333,3,0.6666666666666666
123037,986,Kübler,CENTRAL_DEFENDER,CENTRE_RIGHT,3.53375,33.27811666666666,49,15,13,2,12,10,9,0,1,0,1,3,0,0,7,0,3,3,3,2,1,1,0,5,14.893617021276595,0.18193,0.003712857142857143,0.040514,69.83061224489795,38.583673469387755,17.553061224489795,36.44065,121.01869752597717,37.0465400589726,29.637232047178085,24.697693372648402,2.4697693372648404,2.4697693372648404,7.409308011794521,0.0,0.0,17.288385360853884,0.0,7.409308011794521,7.409308011794521,7.409308011794521,4.939538674529681,2.4697693372648404,2.4697693372648404,0.0,12.348846686324201,0.4493251355285924,15,0.8666666666666667,9,1.0
123037,1050,Höfler,CENTRAL_DEFENDER,CENTRE,0.5463166666666667,211.66365166666668,87,27,17,8,19,16,15,0,0,0,3,1,0,1,14,0,4,0,2,8,4,5,0,20,26.585365853658537,0.216859,0.0024926321839080457,0.01207,75.18255813953488,31.588372093023256,34.67325581395349,98.17878333333333,79.75246518808291,24.750765058370554,17.417205041075576,14.667120034589958,0.0,2.7500850064856173,0.9166950021618724,0.0,0.9166950021618724,12.833730030266214,0.0,3.6667800086474895,0.0,1.8333900043237448,7.333560017294979,3.6667800086474895,4.583475010809362,0.0,18.33390004323745,0.1987935614738215,25,0.68,15,1.0
123037,1135,Gulde,CENTRAL_DEFENDER,CENTRE_LEFT,3.5117666666666665,215.19198333333333,81,21,10,9,16,10,8,1,1,0,1,3,0,4,7,0,6,0,3,10,2,7,3,26,31.973684210526315,0.182561,0.0022538395061728394,0.011637,71.64375,36.88375,49.78625,98.17878333333333,74.25229517511167,19.250595045399322,14.667120034589958,9.166950021618725,0.9166950021618724,0.9166950021618724,2.7500850064856173,0.0,3.6667800086474895,6.416865015133107,0.0,5.5001700129712345,0.0,2.7500850064856173,9.166950021618725,1.8333900043237448,6.416865015133107,2.7500850064856173,23.834070056208684,0.16735275628967358,19,0.5263157894736842,9,0.8888888888888888
123037,1268,Günter,LEFT_WINGBACK_DEFENDER,LEFT,4.757949999999999,186.11975,70,21,13,6,17,14,14,0,1,0,0,14,0,3,0,0,14,0,3,3,1,2,2,13,23.432835820895523,0.333668,0.0047666857142857144,0.021669,57.85,54.041428571428575,58.63285714285715,68.8129,91.55260132911125,27.465780398733376,22.234203179927018,18.31052026582225,1.3078943047015894,0.0,18.31052026582225,0.0,3.923682914104768,0.0,0.0,18.31052026582225,0.0,3.923682914104768,3.923682914104768,1.3078943047015894,2.615788609403179,2.615788609403179,17.00262596112066,0.43640247686116995,19,0.6842105263157895,14,1.0
123037,1294,Grifo,CENTER_FORWARD,CENTRE_LEFT,8.4472,190.12155166666668,68,22,13,7,21,11,11,0,1,1,10,5,0,2,0,0,24,3,1,1,1,2,1,19,30.0,1.290586,0.019262477611940297,0.789325,51.592537313432835,59.92686567164179,51.258208955223886,79.44683333333334,77.03264866860646,24.9223275104315,23.789494441775524,12.46116375521575,1.1328330686559773,11.328330686559774,5.664165343279887,0.0,2.2656661373119547,0.0,0.0,27.187993647743454,3.3984992059679318,1.1328330686559773,1.1328330686559773,1.1328330686559773,2.2656661373119547,1.1328330686559773,21.52382830446357,1.4620184987444431,20,0.65,11,1.0
123037,1320,Eggestein,DEFENSE_MIDFIELD,CENTRE_LEFT,4.921566666666666,212.61718333333337,90,32,21,6,20,15,14,0,0,0,12,1,0,4,2,0,15,0,5,9,2,2,4,26,35.95505617977528,0.45056999999999997,0.005006333333333333,0.019222,57.24555555555556,49.96333333333333,37.82333333333333,98.17878333333333,82.50255019456851,29.334240069179916,18.33390004323745,13.750425032428087,0.0,11.000340025942469,0.9166950021618724,0.0,3.6667800086474895,1.8333900043237448,0.0,13.750425032428087,0.0,4.583475010809362,8.250255019456851,1.8333900043237448,1.8333900043237448,3.6667800086474895,23.834070056208684,0.41303526712407485,27,0.7777777777777778,14,1.0
123037,9604,Höler,ATTACKING_MIDFIELD,CENTRE,0.5696833333333333,215.15711833333336,69,23,18,2,19,9,7,0,0,0,11,0,0,4,0,0,19,4,3,3,2,3,2,25,39.53846153846154,0.407925,0.0059119565217391305,0.034038,60.21666666666667,49.13636363636363,39.42121212121212,98.17878333333333,63.2519551491692,21.083985049723065,17.417205041075576,8.250255019456851,0.0,10.083645023780596,0.0,0.0,3.6667800086474895,0.0,0.0,17.417205041075576,3.6667800086474895,2.7500850064856173,2.7500850064856173,1.8333900043237448,2.7500850064856173,1.8333900043237448,22.91737505404681,0.37394280875688174,20,0.9,7,1.0
123037,15811,Doan,RIGHT_WINGBACK_DEFENDER,RIGHT,1.7709166666666667,209.3707,113,34,20,11,23,21,21,0,1,0,3,15,1,3,1,0,48,4,8,6,3,5,4,25,28.571428571428573,1.665786,0.014741469026548673,0.523887,53.901785714285715,58.54642857142857,11.50357142857143,98.17878333333333,103.58653524429158,31.167630073503663,21.083985049723065,19.250595045399322,0.9166950021618724,2.7500850064856173,13.750425032428087,0.9166950021618724,2.7500850064856173,0.9166950021618724,0.0,44.001360103769876,3.6667800086474895,7.333560017294979,5.5001700129712345,2.7500850064856173,4.583475010809362,3.6667800086474895,22.91737505404681,1.5270177008712167,31,0.6451612903225806,21,1.0
123037,68933,Röhl,DEFENSE_MIDFIELD,CENTRE_RIGHT,5.043683333333333,186.190135,63,17,8,8,14,14,10,2,0,0,6,5,0,2,1,0,17,1,3,3,1,0,2,19,27.636363636363637,0.337351,0.005354777777777778,0.021669,57.595,53.33833333333334,21.061666666666667,79.44683333333334,71.36848332532657,19.258162167151614,15.859662961183682,15.859662961183682,0.0,6.7969984119358635,5.664165343279887,0.0,2.2656661373119547,1.1328330686559773,0.0,19.258162167151614,1.1328330686559773,3.3984992059679318,3.3984992059679318,1.1328330686559773,0.0,2.2656661373119547,21.52382830446357,0.3821623685441626,16,0.5,12,0.8333333333333334
123045,622,Ginter,CENTRAL_DEFENDER,CENTRE_RIGHT,2.1276333333333333,213.01900166666667,89,30,20,8,25,17,17,0,0,0,3,5,0,0,16,0,0,0,2,4,0,1,6,13,17.272727272727273,0.202038,0.0022700898876404493,0.007008,74.71011235955056,32.37078651685393,22.831460674157302,95.22048333333333,84.12055599381715,28.355243593421513,23.629369661184594,16.067971369605523,0.0,2.8355243593421515,4.725873932236919,0.0,0.0,15.12279658315814,0.0,0.0,0.0,1.8903495728947675,3.780699145789535,0.0,0.9451747864473837,5.671048718684303,12.28727222381599,0.1909612235042565,28,0.7142857142857143,17,1.0
123045,862,Sallai,CENTER_FORWARD,CENTRE_RIGHT,0.1636333333333333,196.19045,69,18,15,2,18,13,13,0,5,0,9,2,1,2,0,0,37,14,1,4,1,1,3,21,35.0,1.828618,0.026501710144927536,0.202993,41.85671641791045,67.22388059701493,37.843283582089555,77.28246666666668,80.35457805435816,20.962063840267344,20.962063840267344,15.139268329081972,5.822795511185373,10.481031920133672,2.3291182044741494,1.1645591022370747,2.3291182044741494,0.0,0.0,43.08868678277177,16.303827431319046,1.1645591022370747,4.658236408948299,1.1645591022370747,1.1645591022370747,3.4936773067112243,24.455741146978568,2.1295337364145555,17,0.8823529411764706,13,1.0
123045,1050,Höfler,DEFENSE_MIDFIELD,CENTRE_LEFT,2.05295,214.60896666666667,155,48,41,6,40,40,37,1,0,0,21,2,1,3,11,0,12,4,4,8,3,4,4,28,21.830065359477125,0.645257,0.004162948387096774,0.02987,65.2,41.759354838709676,40.906451612903226,95.22048333333333,146.5020918993445,45.368389749474424,37.80699145789535,37.80699145789535,0.0,19.84867051539506,1.8903495728947675,0.9451747864473837,2.8355243593421515,10.396922650921221,0.0,11.342097437368606,3.780699145789535,3.780699145789535,7.56139829157907,2.8355243593421515,3.780699145789535,3.780699145789535,26.464894020526746,0.6098806471786795,47,0.8723404255319149,38,0.9736842105263158
123045,1135,Gulde,CENTRAL_DEFENDER,CENTRE_LEFT,0.0872333333333333,211.91290166666667,147,47,36,8,35,32,32,0,0,0,4,6,0,1,24,0,4,2,2,11,4,5,3,30,20.0,0.454429,0.0030913537414965987,0.202993,79.96938775510205,27.859863945578233,50.63945578231292,95.22048333333333,138.9406936077654,44.423214963027036,33.081117525658435,30.24559316631628,0.0,3.780699145789535,5.671048718684303,0.0,0.9451747864473837,22.684194874737212,0.0,3.780699145789535,1.8903495728947675,1.8903495728947675,10.396922650921221,3.780699145789535,4.725873932236919,2.8355243593421515,28.355243593421513,0.4295148330304982,44,0.8181818181818182,32,1.0
123045,1268,Günter,LEFT_WINGBACK_DEFENDER,LEFT,0.9487666666666666,214.079935,104,27,18,6,24,21,19,2,2,1,2,19,1,1,1,0,36,6,5,5,2,5,1,15,15.656565656565656,1.155183,0.011215368932038835,0.237483,54.81782178217822,59.0920792079208,57.881188118811885,95.22048333333333,98.29817779052792,25.51971923407936,22.684194874737212,19.84867051539506,1.8903495728947675,1.8903495728947675,17.958320942500293,0.9451747864473837,0.9451747864473837,0.9451747864473837,0.0,34.02629231210582,5.671048718684303,4.725873932236919,4.725873932236919,1.8903495728947675,4.725873932236919,0.9451747864473837,14.177621796710756,1.0918498453326482,24,0.75,21,0.9047619047619048
123045,1294,Grifo,LEFT_WINGER,LEFT,0.0,184.36101666666667,118,33,23,6,29,31,29,2,3,0,11,18,0,0,0,0,41,6,2,7,0,0,1,8,14.363636363636363,0.972815,0.008244194915254237,0.10014,50.12456140350877,62.294736842105266,53.194736842105264,65.11905,163.08591725462824,45.60877346951468,40.08043729139169,42.84460538045318,4.1462521335922435,15.202924489838226,24.87751280155346,0.0,0.0,0.0,0.0,56.66544582576066,8.292504267184487,2.7641680890614957,9.674588311715235,0.0,0.0,1.3820840445307478,11.056672356245983,1.3445120897801794,29,0.7931034482758621,31,0.9354838709677419
123045,1320,Eggestein,DEFENSE_MIDFIELD,CENTRE_RIGHT,0.2123666666666666,205.06735,116,37,30,5,33,26,25,1,4,0,18,5,1,3,3,0,30,8,4,4,1,0,2,26,21.71171171171171,1.006793,0.008679250000000001,0.131873,54.27413793103448,53.49224137931035,25.970689655172414,85.70663333333333,121.81087500422954,38.853468751349084,34.65309375120324,27.302437500948002,4.200375000145846,18.90168750065631,5.250468750182308,1.0500937500364615,3.150281250109385,3.150281250109385,0.0,31.50281250109385,8.400750000291692,4.200375000145846,4.200375000145846,1.0500937500364615,0.0,2.100187500072923,27.302437500948002,1.0572270368804595,35,0.8571428571428571,26,0.9615384615384616
123045,9604,Höler,CENTER_FORWARD,CENTRE_LEFT,6.523583333333334,214.93748333333332,88,27,16,10,25,15,12,2,1,1,6,6,1,8,1,0,28,2,2,4,2,2,5,35,39.036144578313255,0.7071310000000001,0.008127942528735633,0.10014,57.77647058823529,53.20470588235294,40.163529411764706,95.22048333333333,83.17538120736977,25.51971923407936,23.629369661184594,14.177621796710756,0.9451747864473837,5.671048718684303,5.671048718684303,0.9451747864473837,7.56139829157907,0.9451747864473837,0.0,26.464894020526746,1.8903495728947675,1.8903495728947675,3.780699145789535,1.8903495728947675,1.8903495728947675,4.725873932236919,33.081117525658435,0.668362391915325,26,0.6153846153846154,14,0.8571428571428571
123045,15811,Doan,RIGHT_WINGER,RIGHT,4.6368,195.65743333333333,90,27,19,7,25,23,19,3,0,0,7,15,0,2,0,0,31,2,2,4,0,1,4,20,25.0,0.64247,0.007138555555555555,0.109436,54.01136363636363,58.03636363636363,12.28522727272727,77.28246666666668,104.81031920133672,31.443095760401018,29.11397755592687,26.78485935145272,0.0,8.151913715659523,17.46838653355612,0.0,2.3291182044741494,0.0,0.0,36.10133216934932,2.3291182044741494,2.3291182044741494,4.658236408948299,0.0,1.1645591022370747,4.658236408948299,23.291182044741493,0.7481942864142533,26,0.7307692307692307,22,0.8636363636363636
123045,62650,Sildillia,RIGHT_WINGBACK_DEFENDER,RIGHT,2.0127,212.44191666666663,140,46,33,7,31,34,33,0,1,0,4,21,0,1,4,0,16,0,6,11,0,0,2,19,15.620437956204379,0.60382,0.004313,0.015351,60.80503597122302,49.85107913669065,14.3,77.30521666666667,162.99029410046282,53.553953775866354,36.0907079793882,39.58335713868383,1.1642163864318773,4.656865545727509,24.448544115069424,0.0,1.1642163864318773,4.656865545727509,0.0,18.627462182910037,0.0,6.985298318591264,12.80638025075065,0.0,0.0,2.3284327728637546,22.120111342205668,0.7029771384552962,40,0.825,33,1.0
123056,622,Ginter,CENTRAL_DEFENDER,CENTRE_RIGHT,0.7229,188.557,74,24,10,11,16,9,9,0,0,0,0,3,0,1,11,0,4,0,1,7,2,2,4,25,39.696969696969695,0.094126,0.001271972972972973,0.006919,81.0,26.827777777777776,20.09027777777778,79.28821666666666,83.9973489125013,27.242383431081503,18.161588954054334,10.215893786655563,0.0,0.0,3.405297928885188,0.0,1.135099309628396,12.486092405912355,0.0,4.540397238513584,0.0,1.135099309628396,7.945695167398772,2.270198619256792,2.270198619256792,4.540397238513584,28.377482740709898,0.10684235761808239,21,0.47619047619047616,9,1.0
123056,862,Sallai,CENTER_FORWARD,CENTRE_RIGHT,5.48775,188.127085,51,15,8,4,16,9,9,0,2,0,3,3,0,7,0,0,15,3,0,1,0,0,1,20,43.333333333333336,0.61773,0.01211235294117647,0.073301,51.817021276595746,60.02127659574468,26.55744680851064,73.23465,62.675250035331636,18.43389706921519,19.6628235404962,11.060338241529111,2.457852942562025,3.686779413843037,3.686779413843037,0.0,8.602485298967087,0.0,0.0,18.43389706921519,3.686779413843037,0.0,1.2289264712810124,0.0,0.0,1.2289264712810124,24.57852942562025,0.7591447491044199,12,0.6666666666666666,9,1.0
123056,968,Gregoritsch,CENTER_FORWARD,CENTRE_LEFT,7.296033333333333,184.52373333333335,64,21,10,10,17,7,6,0,1,1,5,1,0,7,0,0,12,5,1,5,3,3,0,37,46.833333333333336,1.436468,0.022801079365079368,0.359482,58.993650793650794,49.663492063492065,34.317460317460316,79.28821666666666,72.64635581621734,23.837085502196317,19.296688263682732,7.945695167398772,1.135099309628396,5.67549654814198,1.135099309628396,0.0,7.945695167398772,0.0,0.0,13.621191715540752,5.67549654814198,1.135099309628396,5.67549654814198,3.405297928885188,3.405297928885188,0.0,41.99867445625065,1.630533835103283,20,0.5,6,1.0
123056,1050,Höfler,DEFENSE_MIDFIELD,CENTRE_LEFT,4.208266666666667,215.596685,102,36,25,9,11,19,18,0,0,0,3,1,0,1,5,0,15,2,11,15,1,1,3,35,33.63636363636363,0.35324099999999997,0.003463147058823529,0.014268,66.03069306930693,41.665346534653466,32.01287128712872,99.90516666666667,91.88713963742282,32.43075516614923,9.909397411878931,17.116231893245427,0.0,2.702562930512436,0.900854310170812,0.0,0.900854310170812,4.504271550854059,0.0,13.512814652562179,1.801708620341624,9.909397411878931,13.512814652562179,0.900854310170812,0.900854310170812,2.702562930512436,31.52990085597842,0.31821867737904774,34,0.7352941176470589,18,1.0
123056,1135,Gulde,CENTRAL_DEFENDER,CENTRE_LEFT,0.6035666666666667,213.92765,95,29,16,11,18,13,13,0,0,0,2,3,0,3,10,0,2,0,6,10,1,6,0,26,24.367816091954023,0.148402,0.0015621263157894738,0.010765,81.58297872340425,26.36063829787234,41.984042553191486,99.90516666666667,85.58115946622713,26.124774994953547,16.215377583074616,11.711106032220554,0.0,1.801708620341624,2.702562930512436,0.0,2.702562930512436,9.008543101708119,0.0,1.801708620341624,0.0,5.405125861024872,9.008543101708119,0.900854310170812,5.405125861024872,0.0,23.42221206444111,0.13368858133796882,27,0.5925925925925926,13,1.0
123056,1268,Günter,LEFT_WINGBACK_DEFENDER,LEFT,0.5701166666666667,216.53861833333335,86,27,16,9,23,13,13,0,0,0,3,16,0,3,0,0,14,0,5,2,1,4,3,21,22.11764705882353,0.360896,0.00419646511627907,0.030389,67.38255813953488,43.22093023255814,54.34186046511628,99.90516666666667,77.47347067468982,24.323066374611923,20.719649133928673,11.711106032220554,0.0,2.702562930512436,14.413668962732991,0.0,2.702562930512436,0.0,0.0,12.611960342391367,0.0,4.504271550854059,1.801708620341624,0.900854310170812,3.603417240683248,2.702562930512436,18.91794051358705,0.32511471712340534,25,0.64,13,1.0
123056,1294,Grifo,LEFT_WINGER,LEFT,0.11545,189.847735,72,24,13,9,18,14,14,0,1,0,6,8,0,1,0,1,18,3,1,6,1,1,3,23,30.56338028169014,0.473304,0.006573666666666667,0.050264,59.26056338028169,51.17183098591549,46.39859154929578,73.23465,88.48270593223289,29.494235310744298,22.120676483058222,17.204970597934174,1.2289264712810124,7.373558827686074,9.8314117702481,0.0,1.2289264712810124,0.0,1.2289264712810124,22.120676483058222,3.686779413843037,1.2289264712810124,7.373558827686074,1.2289264712810124,1.2289264712810124,3.686779413843037,28.265308839463287,0.5816558145631884,22,0.5909090909090909,14,1.0
123056,1320,Eggestein,DEFENSE_MIDFIELD,CENTRE_RIGHT,5.5052,215.86856666666665,73,26,15,8,16,10,10,0,1,1,6,2,0,5,0,1,11,2,2,8,1,1,3,29,39.857142857142854,0.834407,0.01158898611111111,0.202993,58.878873239436615,48.750704225352116,20.515492957746478,99.90516666666667,65.76236464246927,23.42221206444111,14.413668962732991,9.008543101708119,0.900854310170812,5.405125861024872,1.801708620341624,0.0,4.504271550854059,0.0,0.900854310170812,9.909397411878931,1.801708620341624,1.801708620341624,7.206834481366496,0.900854310170812,0.900854310170812,2.702562930512436,26.124774994953547,0.7516791423866968,23,0.6521739130434783,10,1.0
123056,15811,Doan,RIGHT_WINGER,RIGHT,4.18515,209.94286666666667,90,27,16,11,22,15,12,1,2,0,3,8,1,9,0,0,34,8,2,8,1,1,4,33,37.31707317073171,0.635161,0.007057344444444444,0.041196,53.02333333333334,59.327777777777776,13.721111111111112,93.62481666666666,86.5155232168679,25.95465696506037,21.148239008567707,14.419253869477982,1.9225671825970645,2.8838507738955967,7.690268730388258,0.9612835912985322,8.65155232168679,0.0,0.0,32.683642104150096,7.690268730388258,1.9225671825970645,7.690268730388258,0.9612835912985322,0.9612835912985322,3.845134365194129,31.722358512851564,0.610569847132767,27,0.5925925925925926,13,0.9230769230769231
123056,62650,Sildillia,RIGHT_WINGBACK_DEFENDER,RIGHT,4.099566666666666,212.60066666666668,155,46,16,22,30,24,22,1,1,0,0,23,0,5,0,0,20,3,6,13,3,3,8,47,28.47222222222222,0.552131,0.003562135483870968,0.098812,72.69290322580645,38.01870967741935,11.733548387096775,99.90516666666667,139.63241807647586,41.439298267857346,27.025629305124358,21.620503444099487,0.900854310170812,0.0,20.719649133928673,0.0,4.504271550854059,0.0,0.0,18.017086203416238,2.702562930512436,5.405125861024872,11.711106032220554,2.702562930512436,2.702562930512436,7.206834481366496,42.34015257802816,0.4973895911289206,38,0.42105263157894735,23,0.9565217391304348
123065,622,Ginter,CENTRAL_DEFENDER,CENTRE,2.4557166666666665,180.98191666666668,73,25,21,3,18,19,19,0,0,0,3,1,0,0,14,0,3,0,1,6,0,0,1,6,11.690140845070422,0.14888,0.0020394520547945207,0.008912,74.56944444444444,32.675,21.620833333333334,62.42603333333333,105.24455342082177,36.04265528110334,25.95071180239441,27.392418013638544,0.0,4.3251186337324015,1.441706211244134,0.0,0.0,20.183886957417872,0.0,4.3251186337324015,0.0,1.441706211244134,8.650237267464803,0.0,0.0,1.441706211244134,8.650237267464803,0.21464122073002664,24,0.875,19,1.0
123065,862,Sallai,CENTER_FORWARD,CENTRE,3.796116666666667,177.24025,48,14,9,5,15,11,10,1,2,0,5,4,0,3,0,1,12,4,1,2,0,1,0,15,30.0,0.867557,0.018074104166666667,0.202993,51.82553191489361,57.257446808510636,21.2,62.42603333333333,69.20189813971842,20.183886957417872,21.625593168662007,15.858768323685473,2.883412422488268,7.208531056220669,5.766824844976536,0.0,4.3251186337324015,0.0,1.441706211244134,17.300474534929606,5.766824844976536,1.441706211244134,2.883412422488268,0.0,1.441706211244134,0.0,21.625593168662007,1.250762315508327,14,0.6428571428571429,11,0.9090909090909091
123065,968,Gregoritsch,CENTER_FORWARD,CENTRE,185.71388333333337,213.91438333333332,19,7,3,4,5,2,2,0,0,0,3,1,0,0,0,0,8,0,1,1,1,1,1,8,45.78947368421053,0.168241,0.00885478947368421,0.020207,53.44736842105263,52.4578947368421,38.752631578947366,33.115233333333336,51.637866560908016,19.024477154018744,13.58891225287053,5.435564901148212,0.0,8.153347351722319,2.717782450574106,0.0,0.0,0.0,0.0,21.74225960459285,0.0,2.717782450574106,2.717782450574106,2.717782450574106,2.717782450574106,2.717782450574106,21.74225960459285,0.4572424372670382,7,0.42857142857142855,2,1.0
123065,1050,Höfler,DEFENSE_MIDFIELD,CENTRE_RIGHT,0.2598833333333333,215.63321833333333,101,35,29,5,28,22,19,2,0,0,17,0,0,6,4,0,19,5,3,8,1,2,0,30,30.80808080808081,0.504487,0.004994920792079208,0.027022,59.0010101010101,48.41111111111111,39.35858585858586,95.54126666666666,95.14213404469552,32.97004645113211,26.376037160905693,20.72402919785447,0.0,16.014022561978454,0.0,0.0,5.652007963051219,3.768005308700813,0.0,17.89802521632886,4.710006635876017,2.8260039815256097,7.536010617401626,0.9420013271752032,1.8840026543504065,0.0,28.260039815256096,0.47522742354263675,34,0.8529411764705882,21,0.9047619047619048
123065,1135,Gulde,CENTRAL_DEFENDER,CENTRE_LEFT,0.1590166666666666,215.55278333333337,133,43,36,6,36,24,23,0,1,0,1,4,0,1,29,0,3,3,4,8,4,7,0,26,17.65625,0.358952,0.002698887218045113,0.065911,73.8157894736842,34.27218045112782,50.55864661654135,95.54126666666666,125.28617651430203,40.50605706853374,33.91204777830732,22.608031852204878,0.9420013271752032,0.9420013271752032,3.768005308700813,0.0,0.9420013271752032,27.318038488080894,0.0,2.8260039815256097,2.8260039815256097,3.768005308700813,7.536010617401626,3.768005308700813,6.594009290226423,0.0,24.492034506555285,0.3381332603921936,42,0.8571428571428571,23,1.0
123065,1268,Günter,LEFT_WINGBACK_DEFENDER,LEFT,0.7586499999999999,215.4687833333333,118,37,26,8,36,20,20,0,2,0,3,31,1,1,0,0,47,4,2,3,1,3,1,13,15.91304347826087,0.69614,0.005899491525423729,0.035805,54.84188034188034,59.8957264957265,60.08803418803419,95.54126666666666,111.15615660667399,34.854049105482524,33.91204777830732,18.840026543504067,1.8840026543504065,2.8260039815256097,29.202041142431302,0.9420013271752032,0.9420013271752032,0.0,0.0,44.27406237723455,3.768005308700813,1.8840026543504065,2.8260039815256097,0.9420013271752032,2.8260039815256097,0.9420013271752032,12.246017253277643,0.655764803899746,34,0.7647058823529411,20,1.0
123065,1294,Grifo,DEFENSE_MIDFIELD,CENTRE_LEFT,0.0,180.93093333333337,73,24,16,5,19,18,18,0,0,0,10,7,0,0,1,0,25,3,2,3,0,0,0,3,16.285714285714285,0.566348,0.007758191780821917,0.042858,53.1,57.08888888888888,47.78055555555555,62.42603333333333,105.24455342082177,34.60094906985921,27.392418013638544,25.95071180239441,0.0,14.417062112441338,10.091943478708936,0.0,0.0,1.441706211244134,0.0,36.04265528110334,4.3251186337324015,2.883412422488268,4.3251186337324015,0.0,0.0,0.0,4.3251186337324015,0.8165074293256926,21,0.7619047619047619,18,1.0
123065,9604,Höler,ATTACKING_MIDFIELD,CENTRE_RIGHT,0.2913666666666666,195.00708333333333,73,27,23,3,20,14,12,2,0,0,13,2,0,2,0,0,10,1,4,5,0,0,2,19,30.0,0.439687,0.006023109589041096,0.023396,60.23055555555556,46.71666666666667,22.806944444444444,76.40863333333333,85.98504793742767,31.80268896315818,23.55754738011717,16.49028316608202,0.0,15.31240579707616,2.355754738011717,0.0,2.355754738011717,0.0,0.0,11.778773690058586,1.1778773690058586,4.711509476023434,5.889386845029293,0.0,0.0,2.355754738011717,22.379670011111312,0.5178973667460789,26,0.8846153846153846,14,0.8571428571428571
123065,15811,Doan,RIGHT_WINGBACK_DEFENDER,RIGHT,0.4316,213.07791666666665,75,24,14,7,19,17,16,1,1,1,3,10,2,4,0,0,29,12,3,5,2,3,0,17,26.35135135135135,0.937258,0.012665648648648649,0.073301,48.45,62.66891891891892,16.254054054054052,95.54126666666666,70.65009953814024,22.608031852204878,17.89802521632886,16.014022561978454,0.9420013271752032,2.8260039815256097,9.420013271752033,1.8840026543504065,3.768005308700813,0.0,0.0,27.318038488080894,11.304015926102439,2.8260039815256097,4.710006635876017,1.8840026543504065,2.8260039815256097,0.0,16.014022561978454,0.8828982799055768,21,0.6666666666666666,17,0.9411764705882353
123065,23160,Muslija,ATTACKING_MIDFIELD,CENTRE_LEFT,183.89223333333337,214.81161666666668,53,18,13,4,15,13,13,0,0,0,2,10,0,1,1,0,25,1,1,2,0,0,0,8,19.019607843137255,0.463845,0.00875179245283019,0.030389,49.00384615384615,64.38653846153846,57.63461538461539,33.115233333333336,144.04246988042763,48.92008411033391,40.76673675861159,35.33117185746338,0.0,5.435564901148212,27.17782450574106,0.0,2.717782450574106,2.717782450574106,0.0,67.94456126435266,2.717782450574106,2.717782450574106,5.435564901148212,0.0,0.0,0.0,21.74225960459285,1.2606298007865464,17,0.7647058823529411,13,1.0
123065,23350,Lienhart,CENTRAL_DEFENDER,CENTRE,183.6112,213.82486666666668,58,20,17,3,15,13,13,0,0,0,1,1,0,0,13,0,0,0,3,2,0,0,1,7,15.178571428571429,0.128935,0.00222301724137931,0.010923,74.74655172413793,31.356896551724137,34.32931034482758,33.115233333333336,157.63138213329816,54.35564901148212,40.76673675861159,35.33117185746338,0.0,2.717782450574106,2.717782450574106,0.0,0.0,35.33117185746338,0.0,0.0,0.0,8.153347351722319,5.435564901148212,0.0,0.0,2.717782450574106,19.024477154018744,0.35041728026477237,20,0.85,13,1.0
123065,62650,Sildillia,CENTRAL_DEFENDER,CENTRE_RIGHT,0.31145,213.86231833333335,141,45,23,19,32,31,29,2,0,0,6,13,0,4,6,1,25,2,9,6,1,1,2,27,23.23076923076923,0.576165,0.004086276595744681,0.041196,67.68115942028986,41.98550724637681,15.69057971014493,95.54126666666666,132.82218713170366,42.390059722884146,30.144042469606504,29.202041142431302,0.0,5.652007963051219,12.246017253277643,0.0,3.768005308700813,5.652007963051219,0.9420013271752032,23.550033179380083,1.8840026543504065,8.47801194457683,5.652007963051219,0.9420013271752032,0.9420013271752032,1.8840026543504065,25.434035833730487,0.542748194671901,42,0.5476190476190477,31,0.9354838709677419
123065,68933,Röhl,ATTACKING_MIDFIELD,CENTRE_LEFT,4.513916666666666,190.51561666666663,76,21,15,6,20,19,17,2,2,0,12,2,0,4,0,0,25,7,3,2,1,1,0,16,27.10144927536232,0.771541,0.010151855263157894,0.054816,46.5472972972973,62.891891891891895,37.674324324324324,62.42603333333333,109.56967205455418,30.27583043612681,28.834124224882675,27.392418013638544,2.883412422488268,17.300474534929606,2.883412422488268,0.0,5.766824844976536,0.0,0.0,36.04265528110334,10.091943478708936,4.3251186337324015,2.883412422488268,1.441706211244134,1.441706211244134,0.0,23.067299379906142,1.1123354519295103,21,0.7142857142857143,19,0.8947368421052632
123074,968,Gregoritsch,CENTER_FORWARD,CENTRE,0.5345333333333334,185.54851666666667,69,17,10,5,22,13,9,1,4,1,9,2,2,5,0,0,23,10,2,1,1,1,2,25,40.76923076923077,1.866754,0.027452264705882353,0.359482,44.64411764705883,63.75588235294117,37.55294117647059,76.13131666666666,81.56958623466164,20.096854579554318,26.00769416177618,15.368182913776833,4.728671665777487,10.639511247999346,2.3643358328887434,2.3643358328887434,5.9108395822218585,0.0,0.0,27.18986207822055,11.821679164443717,2.3643358328887434,1.1821679164443717,1.1821679164443717,1.1821679164443717,2.3643358328887434,29.55419791110929,2.2068166866941965,15,0.6666666666666666,10,0.9
123074,986,Kübler,CENTRAL_DEFENDER,CENTRE_RIGHT,0.4175833333333333,214.17735,184,56,40,12,42,35,34,0,0,0,2,13,0,0,26,0,9,3,5,16,3,9,4,34,19.597701149425287,0.422837,0.0022980271739130435,0.02423,70.64184782608696,38.7375,15.317391304347826,95.22308333333334,173.90741215584106,52.92834283003858,39.69625712252894,33.080214268774114,0.0,1.8902979582156636,12.286936728401814,0.0,0.0,24.57387345680363,0.0,8.506340811970487,2.8354469373234954,4.725744895539159,15.122383665725309,2.8354469373234954,8.506340811970487,3.780595916431327,32.13506528966629,0.3996439588790183,52,0.7692307692307693,34,1.0
123074,1050,Höfler,DEFENSE_MIDFIELD,CENTRE_LEFT,1.8707833333333332,208.93688333333333,115,36,31,5,35,24,21,1,1,0,18,0,0,7,10,0,6,1,2,5,4,5,1,30,29.646017699115045,0.375127,0.003261973913043478,0.01713,63.06929824561403,43.52543859649123,36.88421052631579,92.66223333333333,111.69599121109032,34.96570159651523,33.99443210772314,23.310467731010153,0.9712694887920897,17.482850798257616,0.0,0.0,6.798886421544628,9.712694887920897,0.0,5.827616932752538,0.9712694887920897,1.9425389775841795,4.856347443960448,3.885077955168359,4.856347443960448,0.9712694887920897,29.13808466376269,0.3643494095221102,36,0.8611111111111112,22,0.9545454545454546
123074,1135,Gulde,CENTRAL_DEFENDER,CENTRE_LEFT,4.826966666666666,213.88928333333337,184,61,53,6,54,39,39,0,0,0,1,6,0,0,47,0,2,0,3,7,2,4,7,22,14.23728813559322,0.33642,0.0018283695652173914,0.010637,75.36032608695652,32.22880434782609,48.3679347826087,95.22308333333334,173.90741215584106,57.654087725577746,51.03804487182292,36.860810185205445,0.0,0.9451489791078318,5.670893874646991,0.0,0.0,44.4220020180681,0.0,1.8902979582156636,0.0,2.8354469373234954,6.616042853754823,1.8902979582156636,3.780595916431327,6.616042853754823,20.7932775403723,0.3179670195514568,59,0.8983050847457628,39,1.0
123074,1268,Günter,LEFT_WINGBACK_DEFENDER,LEFT,0.2853666666666666,209.95073333333332,116,34,23,8,31,30,29,1,0,0,2,25,0,3,1,0,11,0,2,4,0,2,0,18,14.035087719298245,0.426858,0.003679810344827586,0.030389,66.68521739130435,44.81217391304347,57.009565217391305,92.66223333333333,112.6672606998824,33.02316261893105,30.10935415255478,29.13808466376269,0.0,1.9425389775841795,24.281737219802242,0.0,2.913808466376269,0.9712694887920897,0.0,10.683964376712987,0.0,1.9425389775841795,3.885077955168359,0.0,1.9425389775841795,0.0,17.482850798257616,0.41459415144681383,31,0.7419354838709677,30,0.9666666666666667
123074,1320,Eggestein,DEFENSE_MIDFIELD,CENTRE_RIGHT,4.479983333333333,209.01161833333333,145,45,34,8,39,32,31,0,2,0,18,5,1,7,7,0,24,5,5,5,3,3,5,34,26.642857142857142,0.845276,0.005829489655172414,0.041196,57.38068965517242,51.388275862068966,24.20551724137931,95.22308333333334,137.0466019706356,42.53170405985243,36.860810185205445,30.244767331450618,1.8902979582156636,17.012681623940974,4.725744895539159,0.9451489791078318,6.616042853754823,6.616042853754823,0.0,22.683575498587963,4.725744895539159,4.725744895539159,4.725744895539159,2.8354469373234954,2.8354469373234954,4.725744895539159,32.13506528966629,0.7989117484643518,42,0.8095238095238095,31,1.0
123074,9604,Höler,LEFT_WINGER,LEFT,0.3046333333333333,209.91125,97,36,24,10,31,17,14,2,1,0,12,6,0,10,0,0,23,4,3,6,0,0,0,34,36.21052631578947,1.040227,0.01072398969072165,0.202993,53.54536082474226,55.77731958762886,49.74639175257732,76.13131666666666,114.67028789510405,42.558044991997384,36.64720540977552,20.096854579554318,1.1821679164443717,14.18601499733246,7.09300749866623,0.0,11.821679164443717,0.0,0.0,27.18986207822055,4.728671665777487,3.546503749333115,7.09300749866623,0.0,0.0,0.0,40.193709159108636,1.2297229852191796,34,0.7058823529411765,16,0.875
123074,15811,Doan,RIGHT_WINGBACK_DEFENDER,RIGHT,2.28225,213.6581183333333,109,30,24,5,28,24,19,5,2,1,6,19,1,2,0,0,42,2,1,7,6,4,2,24,30.571428571428573,1.602722,0.014840018518518518,0.523887,57.11388888888889,54.891666666666666,9.661111111111111,95.22308333333334,103.02123872275367,28.354469373234956,26.46417141501929,22.683575498587963,1.8902979582156636,5.670893874646991,17.957830603048805,0.9451489791078318,1.8902979582156636,0.0,0.0,39.69625712252894,1.8902979582156636,0.9451489791078318,6.616042853754823,5.670893874646991,3.780595916431327,1.8902979582156636,22.683575498587963,1.5148110620936626,29,0.8275862068965517,24,0.7916666666666666
123074,27747,Keitel,CENTRAL_DEFENDER,CENTRE,2.46485,194.15846666666667,134,42,33,8,32,28,28,0,1,0,3,2,0,0,26,0,4,2,3,9,3,4,1,24,19.365079365079364,0.499764,0.003729582089552239,0.131873,74.44809160305344,32.593893129771,32.89312977099237,76.13131666666666,158.4105008035458,49.65105249066361,37.829373326219894,33.10070166044241,1.1821679164443717,3.546503749333115,2.3643358328887434,0.0,0.0,30.736365827553666,0.0,4.728671665777487,2.3643358328887434,3.546503749333115,10.639511247999346,3.546503749333115,4.728671665777487,1.1821679164443717,28.37202999466492,0.590804966593905,41,0.8048780487804879,28,1.0
123074,68933,Röhl,RIGHT_WINGER,RIGHT,3.9918,212.96498333333332,108,35,26,4,28,27,25,1,1,1,15,3,0,6,1,2,31,11,1,9,1,1,0,21,32.52427184466019,1.2612430000000001,0.011787317757009346,0.066465,49.362857142857145,59.42761904761905,27.80952380952381,95.22308333333334,102.07608974364584,33.080214268774114,26.46417141501929,25.51902243591146,0.9451489791078318,14.177234686617478,2.8354469373234954,0.0,5.670893874646991,0.9451489791078318,1.8902979582156636,29.299618352342787,10.39663877018615,0.9451489791078318,8.506340811970487,0.9451489791078318,0.9451489791078318,0.0,19.84812856126447,1.1920625338568993,30,0.8666666666666667,26,0.9615384615384616
123082,968,Gregoritsch,CENTER_FORWARD,CENTRE,7.677899999999999,50.316651666666665,42,11,6,4,11,6,5,0,3,0,5,2,0,1,0,1,13,6,0,4,2,2,0,16,40.5,0.789533,0.018798404761904763,0.131873,57.980952380952374,49.457142857142856,43.516666666666666,52.978433333333335,71.34978824716724,18.686849302829515,18.686849302829515,10.192826892452462,5.096413446226231,8.494022410377053,3.397608964150821,0.0,1.6988044820754105,0.0,1.6988044820754105,22.084458266980338,10.192826892452462,0.0,6.795217928301642,3.397608964150821,3.397608964150821,0.0,27.180871713206567,1.341262199146445,10,0.6,5,1.0
123082,986,Kübler,CENTRAL_DEFENDER,CENTRE_RIGHT,3.0482,48.873916666666666,73,21,12,6,12,17,16,0,0,0,1,2,0,0,9,0,7,0,3,7,0,1,2,10,16.338028169014084,0.165662,0.0022693424657534247,0.009143,74.03150684931506,34.417808219178085,18.45068493150685,52.978433333333335,124.01272719150496,35.67489412358362,20.385653784904925,28.879676195281977,0.0,1.6988044820754105,3.397608964150821,0.0,0.0,15.289240338678695,0.0,11.891631374527874,0.0,5.096413446226231,11.891631374527874,0.0,1.6988044820754105,3.397608964150821,16.988044820754105,0.28142734810957665,18,0.6666666666666666,16,1.0
123082,1050,Höfler,DEFENSE_MIDFIELD,CENTRE_LEFT,2.1978999999999997,216.57125,123,44,37,6,34,27,26,0,1,0,13,0,0,2,19,0,19,4,3,7,3,1,1,23,22.37704918032787,0.611964,0.0049753170731707316,0.045855,57.65365853658536,49.21951219512195,34.8390243902439,102.9474,107.5306418617663,38.46624586924973,29.723917262602065,23.6042872379487,0.8742328606647667,11.365027188641966,0.0,0.0,1.7484657213295334,16.610424352630567,0.0,16.610424352630567,3.4969314426590667,2.6226985819943,6.119630024653366,2.6226985819943,0.8742328606647667,0.8742328606647667,20.10735579528963,0.5349990383438532,43,0.8604651162790697,26,1.0
123082,1135,Gulde,CENTRAL_DEFENDER,CENTRE_LEFT,2.0363833333333337,216.59313333333333,126,40,35,5,37,25,24,1,0,0,0,1,0,3,33,0,1,0,3,6,2,5,2,15,12.195121951219512,0.33466,0.002656031746031746,0.01207,68.7808,38.172,39.6616,102.9474,110.1533404437606,34.969314426590664,32.346615844596364,21.855821516619166,0.0,0.0,0.8742328606647667,0.0,2.6226985819943,28.8496844019373,0.0,0.8742328606647667,0.0,2.6226985819943,5.2453971639886,1.7484657213295334,4.371164303323833,1.7484657213295334,13.1134929099715,0.29257076915007085,40,0.875,25,0.96
123082,1268,Günter,LEFT_WINGBACK_DEFENDER,LEFT,2.105566666666667,209.21341666666663,130,39,27,3,37,32,28,3,1,0,3,31,2,0,0,0,49,6,1,7,0,1,0,9,14.921875,1.017415,0.00782626923076923,0.060212,52.12615384615384,61.89076923076923,59.29846153846154,102.9474,113.65027188641966,34.0950815659259,32.346615844596364,27.975451541272534,0.8742328606647667,2.6226985819943,27.101218680607765,1.7484657213295334,0.0,0.0,0.0,42.83741017257356,5.2453971639886,0.8742328606647667,6.119630024653366,0.0,0.8742328606647667,0.0,7.8680957459829,0.8894576259332435,30,0.9,31,0.9032258064516129
123082,1294,Grifo,LEFT_WINGER,LEFT,166.66763333333336,214.678135,122,39,31,4,39,30,27,1,1,1,12,13,0,2,10,0,56,3,2,2,0,0,0,10,16.974789915966387,1.2057930000000001,0.00996523140495868,0.109436,45.71583333333333,67.07583333333334,47.169999999999995,49.96896666666667,219.73638304841205,70.24359785973827,70.24359785973827,54.03353681518329,1.801117893839443,21.613414726073316,23.41453261991276,0.0,3.602235787678886,18.01117893839443,0.0,100.86260205500881,5.403353681518329,3.602235787678886,3.602235787678886,0.0,0.0,0.0,18.01117893839443,2.1717753485663436,35,0.8857142857142857,28,0.9642857142857143
123082,1320,Eggestein,DEFENSE_MIDFIELD,CENTRE_RIGHT,2.70275,215.774685,115,36,28,5,33,27,23,4,1,0,19,5,0,4,4,0,27,1,4,4,3,3,2,27,26.371681415929203,0.773791,0.0067286173913043475,0.073301,53.32743362831859,55.596460176991144,20.253097345132744,102.9474,100.53677897644816,31.4723829839316,28.8496844019373,23.6042872379487,0.8742328606647667,16.610424352630567,4.371164303323833,0.0,3.4969314426590667,3.4969314426590667,0.0,23.6042872379487,0.8742328606647667,3.4969314426590667,3.4969314426590667,2.6226985819943,2.6226985819943,1.7484657213295334,23.6042872379487,0.6764735194866504,33,0.8484848484848485,27,0.8518518518518519
123082,9604,Höler,ATTACKING_MIDFIELD,CENTRE_LEFT,2.1289833333333332,193.84931833333337,56,17,9,4,18,11,10,1,2,0,5,5,1,6,0,1,39,15,0,3,1,2,1,21,38.54545454545455,1.644574,0.029367392857142856,0.789325,35.99285714285715,75.95714285714287,41.45178571428572,52.978433333333335,95.13305099622299,28.879676195281977,30.57848067735739,18.686849302829515,3.397608964150821,8.494022410377053,8.494022410377053,1.6988044820754105,10.192826892452462,0.0,1.6988044820754105,66.253374800941,25.482067231131158,0.0,5.096413446226231,1.6988044820754105,3.397608964150821,1.6988044820754105,35.67489412358362,2.793809682304686,13,0.6923076923076923,11,0.9090909090909091
123082,15811,Doan,RIGHT_WINGER,RIGHT,2.6474166666666665,215.84555,88,23,17,2,21,27,23,3,2,0,6,12,0,3,0,0,34,4,4,3,2,1,3,20,24.88372093023256,0.68214,0.0077515909090909085,0.041562,52.205747126436776,59.46206896551724,15.194252873563219,52.978433333333335,149.49479442263612,39.07250308773444,35.67489412358362,45.867721016036086,3.397608964150821,10.192826892452462,20.385653784904925,0.0,5.096413446226231,0.0,0.0,57.759352390563954,6.795217928301642,6.795217928301642,5.096413446226231,3.397608964150821,1.6988044820754105,5.096413446226231,33.97608964150821,1.1588224894029204,19,0.8947368421052632,26,0.8846153846153846
123082,15811,Doan,RIGHT_WINGER,RIGHT,2.6474166666666665,215.84555,88,23,17,2,21,27,23,3,2,0,6,12,0,3,0,0,34,4,4,3,2,1,3,20,24.88372093023256,0.68214,0.0077515909090909085,0.041562,52.205747126436776,59.46206896551724,15.194252873563219,49.96896666666667,158.49837465787098,41.42571155830719,37.823475770628306,48.630183133664964,3.602235787678886,10.806707363036658,21.613414726073316,0.0,5.403353681518329,0.0,0.0,61.23800839054106,7.204471575357772,7.204471575357772,5.403353681518329,3.602235787678886,1.801117893839443,5.403353681518329,36.02235787678886,1.2286145601036376,19,0.8947368421052632,26,0.8846153846153846
123082,27747,Keitel,CENTRAL_DEFENDER,CENTRE,2.9759666666666664,200.21888333333337,147,49,42,4,39,38,37,1,0,0,1,2,0,2,34,0,5,0,2,11,0,3,2,20,12.96551724137931,0.30042,0.0020436734693877554,0.010923,72.67823129251701,34.70136054421769,20.812925170068027,93.1204,142.07413198396912,47.35804399465638,37.6931370569714,36.7266463632029,0.0,0.9664906937684975,1.932981387536995,0.0,1.932981387536995,32.860683588128914,0.0,4.832453468842488,0.0,1.932981387536995,10.631397631453472,0.0,2.8994720813054924,1.932981387536995,19.32981387536995,0.29035313422193204,46,0.9130434782608695,38,0.9736842105263158
123082,62650,Sildillia,RIGHT_WINGBACK_DEFENDER,RIGHT,167.47168333333332,215.74658333333335,88,30,23,4,21,18,18,0,0,0,2,18,0,0,1,0,29,0,3,6,0,0,1,7,19.41176470588235,0.345774,0.0039292500000000005,0.016635,58.672413793103445,55.07816091954023,6.429885057471264,49.96896666666667,158.49837465787098,54.03353681518329,37.823475770628306,32.420122089109974,0.0,3.602235787678886,32.420122089109974,0.0,0.0,1.801117893839443,0.0,52.23241892134385,0.0,5.403353681518329,10.806707363036658,0.0,0.0,1.801117893839443,12.607825256876101,0.6227797386244396,27,0.8518518518518519,18,1.0
123082,68933,Röhl,CENTER_FORWARD,CENTRE_RIGHT,3.5985500000000004,206.5252166666667,86,26,17,6,30,19,13,6,0,0,17,3,0,5,1,1,31,3,0,3,2,3,1,27,33.92857142857143,0.864833,0.010056197674418604,0.061584,46.32705882352941,62.72352941176471,27.912941176470586,52.978433333333335,146.0971854584853,44.168916533960676,50.964134462262315,32.2772851594328,0.0,28.879676195281977,5.096413446226231,0.0,8.494022410377053,1.6988044820754105,1.6988044820754105,52.662938944337725,5.096413446226231,0.0,5.096413446226231,3.397608964150821,5.096413446226231,1.6988044820754105,45.867721016036086,1.4691821766467235,23,0.7391304347826086,19,0.6842105263157895
123082,68933,Röhl,CENTER_FORWARD,CENTRE_RIGHT,3.5985500000000004,206.5252166666667,86,26,17,6,30,19,13,6,0,0,17,3,0,5,1,1,31,3,0,3,2,3,1,27,33.92857142857143,0.864833,0.010056197674418604,0.061584,46.32705882352941,62.72352941176471,27.912941176470586,40.14196666666667,192.8156650687269,58.293108044033715,67.26127851234659,42.59880972448617,0.0,38.114724490329735,6.72612785123466,0.0,11.210213085391098,2.2420426170782197,2.2420426170782197,69.50332112942482,6.72612785123466,0.0,6.72612785123466,4.4840852341564394,6.72612785123466,2.2420426170782197,60.535150661111935,1.938992442655608,23,0.7391304347826086,19,0.6842105263157895
123092,862,Sallai,RIGHT_WINGER,RIGHT,3.0523,192.24903333333333,90,27,19,5,31,21,17,3,0,0,16,8,0,4,1,0,36,0,1,0,1,2,0,21,24.285714285714285,0.649753,0.007219477777777778,0.030389,48.36136363636364,64.52613636363637,31.186363636363637,74.09566666666666,109.3181337640078,32.79544012920234,37.65402385204713,25.507564544935153,0.0,19.434334891379166,9.717167445689583,0.0,4.8585837228447915,1.2146459307111979,0.0,43.72725350560312,0.0,1.2146459307111979,0.0,1.2146459307111979,2.4292918614223957,0.0,25.507564544935153,0.7892198374173929,24,0.7916666666666666,20,0.85
123092,968,Gregoritsch,CENTER_FORWARD,CENTRE,0.21105,208.609485,84,33,21,9,29,8,8,0,2,0,13,2,0,7,0,1,22,7,4,2,1,1,1,30,31.951219512195124,2.363327,0.028134845238095237,0.523887,49.096428571428575,58.79880952380953,29.797619047619047,91.44496666666667,82.67267489480922,32.4785508515322,28.54175680892223,7.873588085219926,1.9683970213049815,12.79458063848238,1.9683970213049815,0.0,6.889389574567435,0.0,0.9841985106524908,21.652367234354795,6.889389574567435,3.936794042609963,1.9683970213049815,0.9841985106524908,0.9841985106524908,0.9841985106524908,29.525955319574724,2.325982913584819,30,0.7,8,1.0
123092,986,Kübler,CENTRAL_DEFENDER,CENTRE_RIGHT,5.82205,215.61945,181,63,41,17,42,38,38,0,0,0,6,15,0,1,20,0,19,3,4,18,0,1,2,30,16.193181818181817,0.455923,0.002518911602209945,0.033805,70.8411111111111,38.57722222222222,13.684444444444443,99.8189,163.19554713586305,56.802869997565594,37.86857999837706,34.2620485699602,0.0,5.409797142625295,13.524492856563237,0.0,0.9016328571042157,18.032657142084314,0.0,17.1310242849801,2.7048985713126474,3.606531428416863,16.229391427875882,0.0,0.9016328571042157,1.8032657142084314,27.048985713126473,0.41107515710952536,58,0.7068965517241379,38,1.0
123092,1050,Höfler,DEFENSE_MIDFIELD,CENTRE_LEFT,5.833483333333334,216.45716833333333,149,48,40,6,39,38,35,2,0,0,14,0,0,5,18,0,20,2,4,9,2,3,2,32,19.65753424657534,0.578304,0.0038812348993288595,0.031329,65.82972972972972,41.45945945945946,37.075675675675676,99.8189,134.34329570852813,43.27837714100236,35.16368142706441,34.2620485699602,0.0,12.62285999945902,0.0,0.0,4.508164285521079,16.229391427875882,0.0,18.032657142084314,1.8032657142084314,3.606531428416863,8.114695713937941,1.8032657142084314,2.7048985713126474,1.8032657142084314,28.852251427334902,0.5214178877947965,46,0.8695652173913043,37,0.9459459459459459
123092,1135,Gulde,CENTRAL_DEFENDER,CENTRE_LEFT,0.4217166666666667,216.38351833333337,100,33,26,7,24,18,18,0,0,0,0,6,0,1,16,0,4,0,0,11,2,4,0,25,21.68421052631579,0.165083,0.00165083,0.00642,74.65252525252525,34.2979797979798,55.22222222222222,99.8189,90.16328571042158,29.75388428443912,21.63918857050118,16.229391427875882,0.0,0.0,5.409797142625295,0.0,0.9016328571042157,14.426125713667451,0.0,3.606531428416863,0.0,0.0,9.917961428146373,1.8032657142084314,3.606531428416863,0.0,22.540821427605394,0.14884425694933526,33,0.7878787878787878,18,1.0
123092,1268,Günter,LEFT_WINGBACK_DEFENDER,LEFT,0.766,191.67726666666667,61,18,16,2,17,13,11,1,0,0,0,14,0,1,0,0,17,2,1,4,0,2,0,9,15.833333333333334,0.363946,0.005966327868852459,0.035473,58.30327868852459,55.20655737704918,60.08032786885246,74.09566666666666,74.09340177338306,21.86362675280156,20.648980822090362,15.790397099245572,0.0,0.0,17.00504302995677,0.0,1.2146459307111979,0.0,0.0,20.648980822090362,2.4292918614223957,1.2146459307111979,4.8585837228447915,0.0,2.4292918614223957,0.0,10.93181337640078,0.4420655278986176,18,0.8888888888888888,12,0.9166666666666666
123092,1294,Grifo,LEFT_WINGER,LEFT,0.1673333333333333,48.03338333333333,86,29,21,7,28,21,18,3,1,0,13,12,0,3,0,0,37,1,1,4,1,1,0,11,16.627906976744185,0.725807,0.008439616279069768,0.027963,50.245348837209306,60.85232558139535,43.83953488372093,48.09745,160.92329219116604,54.26483108771878,52.39363001572848,39.29522251179636,1.871201071990303,24.32561393587394,22.454412863883636,0.0,5.613603215970909,0.0,0.0,69.23443966364121,1.871201071990303,1.871201071990303,7.484804287961212,1.871201071990303,1.871201071990303,0.0,20.583211791893333,1.358130836458066,28,0.75,21,0.8571428571428571
123092,1320,Eggestein,DEFENSE_MIDFIELD,CENTRE_RIGHT,0.1753666666666666,215.904535,128,44,33,6,33,31,27,4,0,0,13,9,0,5,6,0,16,0,8,6,1,0,1,23,19.6,0.550718,0.004302484375,0.020219,59.46666666666667,48.98492063492064,23.176984126984127,99.8189,115.40900570933961,39.671845712585494,29.75388428443912,27.950618570230688,0.0,11.721227142354804,8.114695713937941,0.0,4.508164285521079,5.409797142625295,0.0,14.426125713667451,0.0,7.213062856833726,5.409797142625295,0.9016328571042157,0.0,0.9016328571042157,20.73755571339696,0.4965454437987195,39,0.8461538461538461,31,0.8709677419354839
123092,15811,Doan,RIGHT_WINGBACK_DEFENDER,RIGHT,0.1508166666666666,209.54568333333333,133,40,29,7,37,31,27,2,1,1,3,26,1,5,0,0,34,7,2,6,3,2,2,29,25.44,0.976017,0.007394068181818182,0.076187,58.941085271317824,52.85736434108527,9.502325581395349,94.90668333333333,126.12388906225607,37.93199671045295,35.08709695716898,29.397297450601037,0.9482999177613238,2.8448997532839715,24.65579786179442,0.9482999177613238,4.741499588806619,0.0,0.0,32.242197203885006,6.638099424329266,1.8965998355226477,5.689799506567943,2.8448997532839715,1.8965998355226477,1.8965998355226477,27.50069761507839,0.9255568408336541,36,0.8055555555555556,29,0.9310344827586207
123092,27747,Keitel,CENTRAL_DEFENDER,CENTRE,0.11385,209.1749,152,50,34,12,40,37,35,0,1,0,2,0,0,0,36,0,4,3,2,14,0,2,2,25,16.466666666666665,0.518124,0.0034087105263157897,0.131873,76.21184210526316,29.763815789473686,28.05723684210526,99.8189,137.0481942798408,45.08164285521079,36.06531428416863,33.36041571285598,0.9016328571042157,1.8032657142084314,0.0,0.0,0.0,32.458782855751764,0.0,3.606531428416863,2.7048985713126474,1.8032657142084314,12.62285999945902,0.0,1.8032657142084314,1.8032657142084314,22.540821427605394,0.4671576224542647,46,0.7391304347826086,35,1.0
123102,968,Gregoritsch,CENTER_FORWARD,CENTRE,3.49735,213.082135,77,22,12,4,28,11,9,1,5,1,8,5,1,6,0,1,27,10,2,1,0,1,1,31,38.75,1.987196,0.026147315789473685,0.315637,50.28666666666667,58.11466666666667,38.108,96.42628333333333,71.86837198778964,20.533820567939898,26.133953450105324,10.266910283969949,4.666777401804522,7.4668438428872355,4.666777401804522,0.9333554803609044,5.600132882165426,0.0,0.9333554803609044,25.20059796974442,9.333554803609044,1.8667109607218089,0.9333554803609044,0.0,0.9333554803609044,0.9333554803609044,28.934019891188036,1.8547602771512677,16,0.75,10,0.9
123102,986,Kübler,CENTRAL_DEFENDER,CENTRE_RIGHT,1.2725166666666667,212.18043333333333,120,33,20,9,22,18,17,0,1,0,1,8,0,0,12,0,13,3,4,9,3,3,4,26,27.0,0.358871,0.0029905916666666667,0.035698,67.12796610169492,42.44491525423729,15.802542372881357,96.42628333333333,112.00265764330852,30.800730851909844,20.533820567939898,16.80039864649628,0.9333554803609044,0.9333554803609044,7.4668438428872355,0.0,0.0,11.200265764330853,0.0,12.133621244691756,2.800066441082713,3.7334219214436177,8.40019932324814,2.800066441082713,2.800066441082713,3.7334219214436177,24.267242489383513,0.3349542145925981,29,0.6896551724137931,17,1.0
123102,1050,Höfler,DEFENSE_MIDFIELD,CENTRE_LEFT,1.22415,214.64231833333332,143,48,35,11,31,24,22,0,0,0,9,0,0,5,15,0,14,4,11,9,6,8,4,51,32.836879432624116,0.475916,0.003328083916083916,0.027022,67.04265734265735,40.37832167832168,43.78181818181818,96.42628333333333,133.46983369160932,44.80106305732341,28.934019891188036,22.400531528661705,0.0,8.40019932324814,0.0,0.0,4.666777401804522,14.000332205413565,0.0,13.066976725052662,3.7334219214436177,10.266910283969949,8.40019932324814,5.600132882165426,7.4668438428872355,3.7334219214436177,47.601129498406124,0.44419880679144014,46,0.7608695652173914,22,1.0
123102,1135,Gulde,CENTRAL_DEFENDER,CENTRE_LEFT,0.2031333333333333,212.06171666666663,77,28,22,4,15,8,8,0,0,0,0,1,0,0,14,0,0,0,3,13,2,5,1,23,27.5,0.133025,0.0017275974025974027,0.005388,75.71298701298701,31.063636363636366,46.14675324675325,96.42628333333333,71.86837198778964,26.133953450105324,14.000332205413565,7.4668438428872355,0.0,0.0,0.9333554803609044,0.0,0.0,13.066976725052662,0.0,0.0,0.0,2.800066441082713,12.133621244691756,1.8667109607218089,4.666777401804522,0.9333554803609044,21.4671760483008,0.12415961277500931,26,0.8461538461538461,8,1.0
123102,1268,Günter,LEFT_WINGBACK_DEFENDER,LEFT,2.3168,167.70995166666668,60,20,12,6,13,10,9,0,0,0,0,11,1,1,0,0,22,2,3,5,1,1,0,14,25.357142857142858,0.319155,0.00531925,0.0435,57.501724137931035,55.46551724137931,58.50344827586206,58.950783333333334,91.60183622100583,30.53394540700194,19.847064514551263,15.26697270350097,0.0,0.0,16.793669973851067,1.5266972703500972,1.5266972703500972,0.0,0.0,33.587339947702134,3.0533945407001943,4.580091811050291,7.633486351750485,1.5266972703500972,1.5266972703500972,0.0,21.373761784901358,0.48725306731858525,18,0.6666666666666666,9,1.0
123102,1294,Grifo,LEFT_WINGER,LEFT,2.9928833333333333,174.56465,56,19,9,9,17,10,9,1,0,0,4,10,0,3,0,0,25,0,0,3,0,0,0,12,24.901960784313726,0.374004,0.006678642857142857,0.030389,55.025925925925925,57.98518518518518,49.114814814814814,58.950783333333334,85.49504713960543,29.007248136651846,25.95385359595165,15.26697270350097,0.0,6.106789081400389,15.26697270350097,0.0,4.580091811050291,0.0,0.0,38.16743175875243,0.0,0.0,4.580091811050291,0.0,0.0,0.0,18.320367244201165,0.5709908859000177,18,0.5,10,0.9
123102,1320,Eggestein,DEFENSE_MIDFIELD,CENTRE_RIGHT,1.2398333333333331,209.33211666666665,93,33,23,4,22,18,18,0,0,0,7,7,0,3,3,0,7,2,7,4,3,3,1,25,33.80434782608695,0.508977,0.0054728709677419355,0.065911,57.08369565217391,50.89239130434783,24.02608695652174,96.42628333333333,86.8020596735641,30.800730851909844,20.533820567939898,16.80039864649628,0.0,6.533488362526331,6.533488362526331,0.0,2.800066441082713,2.800066441082713,0.0,6.533488362526331,1.8667109607218089,6.533488362526331,3.7334219214436177,2.800066441082713,2.800066441082713,0.9333554803609044,23.33388700902261,0.475056472327652,27,0.8518518518518519,18,1.0
123102,9604,Höler,RIGHT_WINGER,RIGHT,1.8034666666666663,202.86016833333332,100,30,18,9,32,20,14,3,0,0,12,4,1,13,0,0,28,2,3,4,1,3,1,45,41.48936170212766,0.684387,0.006843869999999999,0.066465,54.49368421052631,54.54526315789474,25.094736842105263,88.5933,101.58781758891473,30.476345276674422,32.508101628452714,20.317563517782947,0.0,12.190538110669769,4.063512703556589,1.0158781758891473,13.206416286558916,0.0,0.0,28.444588924896127,2.0317563517782946,3.047634527667442,4.063512703556589,1.0158781758891473,3.047634527667442,1.0158781758891473,45.71451791501163,0.6952538171622459,27,0.6666666666666666,17,0.8235294117647058
123102,15811,Doan,RIGHT_WINGBACK_DEFENDER,RIGHT,0.2574833333333333,213.13366666666667,78,24,14,6,21,11,8,1,0,0,1,11,1,6,0,0,20,5,1,8,0,2,4,24,33.78378378378378,0.453371,0.005812448717948718,0.034462,59.75333333333333,49.744,16.509333333333334,96.42628333333333,72.80172746815055,22.400531528661705,19.600465087578993,10.266910283969949,0.0,0.9333554803609044,10.266910283969949,0.9333554803609044,5.600132882165426,0.0,0.0,18.667109607218087,4.666777401804522,0.9333554803609044,7.4668438428872355,0.0,1.8667109607218089,3.7334219214436177,22.400531528661705,0.4231563074867036,20,0.7,9,0.8888888888888888
123102,27747,Keitel,CENTRAL_DEFENDER,CENTRE,0.7948166666666666,213.08213166666667,143,44,32,6,31,31,29,0,1,0,0,4,0,0,26,0,5,2,3,15,3,5,1,30,24.028776978417266,0.5340590000000001,0.003734678321678322,0.109436,72.85673758865248,34.34539007092199,25.05177304964539,96.42628333333333,133.46983369160932,41.067641135879796,28.934019891188036,28.934019891188036,0.9333554803609044,0.0,3.7334219214436177,0.0,0.0,24.267242489383513,0.0,4.666777401804522,1.8667109607218089,2.800066441082713,14.000332205413565,2.800066441082713,4.666777401804522,0.9333554803609044,28.00066441082713,0.4984668944860643,38,0.8421052631578947,29,1.0
123102,68933,Röhl,LEFT_WINGER,LEFT,177.44393333333335,214.66145,47,13,8,4,15,12,8,3,0,0,5,3,0,4,0,1,18,0,0,4,0,1,1,18,41.30434782608695,0.384228,0.008175063829787233,0.036166,52.93829787234042,55.6468085106383,48.780851063829786,37.475500000000004,112.87374417953062,31.22039732625315,36.02353537644594,28.818828301156753,0.0,12.00784512548198,7.204707075289188,0.0,9.606276100385584,0.0,2.401569025096396,43.22824245173513,0.0,0.0,9.606276100385584,0.0,2.401569025096396,2.401569025096396,43.22824245173513,0.9227500633747381,12,0.6666666666666666,11,0.7272727272727273
123102,94848,Makengo,LEFT_WINGBACK_DEFENDER,LEFT,178.87019999999998,214.30836666666667,62,23,16,7,18,10,9,1,0,0,0,13,0,3,1,0,10,0,2,4,0,0,1,11,26.5,0.220344,0.003553935483870968,0.013103,61.567741935483866,49.34838709677419,57.762903225806454,37.475500000000004,148.89727955597655,55.23608757721711,43.22824245173513,24.01569025096396,0.0,0.0,31.22039732625315,0.0,7.204707075289188,2.401569025096396,0.0,24.01569025096396,0.0,4.803138050192792,9.606276100385584,0.0,0.0,2.401569025096396,26.417259276060356,0.5291713252658403,23,0.6956521739130435,10,0.9
123111,862,Sallai,ATTACKING_MIDFIELD,CENTRE_RIGHT,0.23415,220.22970166666667,151,41,27,7,46,34,28,4,7,0,17,8,1,12,1,0,65,18,1,6,2,3,2,59,35.38461538461539,2.7164260000000002,0.0179895761589404,0.789325,43.592,65.83333333333333,37.23866666666667,66.37705,204.73943930921908,55.59150338859591,62.370955021351506,46.10027110273807,9.491232285857839,23.050135551369035,10.847122612408958,1.3558903265511197,16.270683918613436,1.3558903265511197,0.0,88.13287122582278,24.406025877920154,1.3558903265511197,8.135341959306718,2.7117806531022395,4.067670979653359,2.7117806531022395,79.99752926651607,3.6831757361919526,34,0.7941176470588235,32,0.875
123111,968,Gregoritsch,CENTER_FORWARD,CENTRE,1.5625833333333332,191.72971833333335,48,15,7,7,15,5,5,0,4,0,5,0,0,6,0,0,18,13,1,3,0,0,0,24,46.27906976744186,1.05843,0.022050625,0.131873,47.51818181818182,58.89772727272727,32.81136363636364,73.99683333333334,58.380876659136305,18.244023955980097,18.244023955980097,6.081341318660032,4.865073054928025,6.081341318660032,0.0,0.0,7.297609582392038,0.0,0.0,21.892828747176114,15.811487428516083,1.2162682637320064,3.648804791196019,0.0,0.0,0.0,29.190438329568153,1.2873348183818676,14,0.5,5,1.0
123111,1050,Höfler,DEFENSE_MIDFIELD,CENTRE_LEFT,3.3775,217.309685,126,40,33,7,31,26,25,1,1,0,16,0,0,1,13,0,23,2,6,9,1,5,3,27,23.739837398373982,0.696785,0.005530039682539682,0.017357,53.77661290322581,52.81693548387097,33.67258064516129,101.24641666666666,112.00396392629534,35.55681394485566,27.55653080726314,23.111929064156183,0.8889203486213916,14.222725577942265,0.0,0.0,0.8889203486213916,11.555964532078091,0.0,20.445168018292005,1.7778406972427832,5.33352209172835,8.000283137592524,0.8889203486213916,4.444601743106958,2.666761045864175,24.000849412777573,0.6193863651141563,40,0.825,26,0.9615384615384616
123111,1135,Gulde,CENTRAL_DEFENDER,CENTRE_LEFT,2.5374,219.19996833333337,157,55,47,6,44,35,34,1,0,0,0,10,0,1,32,0,7,0,3,10,1,2,3,18,11.241830065359476,0.439481,0.0027992420382165605,0.010923,66.12435897435897,42.243589743589745,48.05320512820513,101.24641666666666,139.56049473355847,48.890619174176535,39.11249533934123,31.112212201748704,0.0,0.0,8.889203486213916,0.0,0.8889203486213916,28.44545115588453,0.0,6.222442440349741,0.0,2.666761045864175,8.889203486213916,0.8889203486213916,1.7778406972427832,2.666761045864175,16.000566275185047,0.3906636037324778,53,0.8867924528301887,35,0.9714285714285714
123111,1268,Günter,LEFT_WINGBACK_DEFENDER,LEFT,0.1211333333333333,209.94226833333332,107,34,20,8,29,20,20,0,0,0,1,25,1,2,0,0,46,2,2,4,0,1,2,17,16.79245283018868,0.731921,0.006840383177570094,0.035473,52.26168224299065,63.652336448598135,60.57757009345794,85.64978833333333,112.43460360371002,35.72688338809477,30.47292994866907,21.015813757702805,0.0,1.0507906878851403,26.26976719712851,1.0507906878851403,2.1015813757702806,0.0,0.0,48.33637164271646,2.1015813757702806,2.1015813757702806,4.203162751540561,0.0,1.0507906878851403,2.1015813757702806,17.863441694047385,0.7690957710675798,28,0.7142857142857143,20,1.0
123111,1294,Grifo,ATTACKING_MIDFIELD,CENTRE_LEFT,0.1497833333333333,188.20456833333336,119,36,25,6,38,31,29,1,2,0,9,17,0,5,5,2,58,6,3,1,0,2,1,16,17.692307692307693,1.196344,0.010053310924369748,0.13257,46.207563025210085,66.48319327731092,52.483193277310924,66.37705,161.35094885958324,48.81205175584031,51.52383240894255,42.03260012308471,2.7117806531022395,12.203012938960077,23.050135551369035,0.0,6.779451632755599,6.779451632755599,2.7117806531022395,78.64163893996495,8.135341959306718,4.067670979653359,1.3558903265511197,0.0,2.7117806531022395,1.3558903265511197,21.694245224817916,1.622111256827473,31,0.8064516129032258,30,0.9666666666666667
123111,1320,Eggestein,DEFENSE_MIDFIELD,CENTRE_RIGHT,0.5186833333333333,214.85905,95,35,23,7,24,18,18,0,0,0,9,7,0,3,4,0,21,0,4,8,1,2,1,20,26.559139784946236,0.526705,0.005544263157894737,0.020207,53.76489361702127,54.55106382978724,22.53191489361702,96.52976666666667,88.57371456749264,32.63242115644466,22.376517364419193,16.782388023314397,0.0,8.391194011657198,6.526484231288932,0.0,2.797064670552399,3.7294195607365324,0.0,19.579452693866795,0.0,3.7294195607365324,7.458839121473065,0.9323548901841331,1.8647097803682662,0.9323548901841331,18.647097803682662,0.49107598243443384,30,0.7666666666666667,18,1.0
123111,15811,Doan,RIGHT_WINGBACK_DEFENDER,RIGHT,0.9820833333333332,218.86705,99,31,19,7,30,21,19,2,2,0,2,17,0,9,0,0,38,6,1,5,1,2,1,32,29.263157894736842,0.798073,0.008061343434343435,0.090709,52.34285714285715,60.07448979591837,9.18061224489796,101.24641666666666,88.00311451351777,27.55653080726314,26.667610458641747,18.667327321049225,1.7778406972427832,1.7778406972427832,15.111645926563657,0.0,8.000283137592524,0.0,0.0,33.77897324761288,5.33352209172835,0.8889203486213916,4.444601743106958,0.8889203486213916,1.7778406972427832,0.8889203486213916,28.44545115588453,0.7094233293853199,26,0.7307692307692307,21,0.9047619047619048
123111,27747,Keitel,CENTRAL_DEFENDER,CENTRE,3.3343166666666666,216.8795166666667,146,46,36,6,35,38,38,0,0,0,1,0,0,0,33,0,9,2,1,11,3,4,3,27,16.549295774647888,0.480778,0.003293,0.029732,63.43241379310345,43.27034482758621,29.373103448275863,101.24641666666666,129.78237089872317,40.89033603658401,31.112212201748704,33.77897324761288,0.0,0.8889203486213916,0.0,0.0,0.0,29.33437150450592,0.0,8.000283137592524,1.7778406972427832,0.8889203486213916,9.778123834835307,2.666761045864175,3.5556813944855663,2.666761045864175,24.000849412777573,0.42737334736949534,42,0.8571428571428571,38,1.0
123111,62650,Sildillia,CENTRAL_DEFENDER,CENTRE_RIGHT,1.48695,185.02335,140,44,38,6,34,34,33,0,0,0,1,5,0,0,26,0,13,4,1,10,3,4,1,28,18.970588235294116,0.476719,0.00342963309352518,0.015073,60.478832116788325,48.73065693430657,13.605839416058394,66.37705,189.82464571715676,59.65917436824927,46.10027110273807,46.10027110273807,0.0,1.3558903265511197,6.779451632755599,0.0,0.0,35.25314849032912,0.0,17.62657424516456,5.423561306204479,1.3558903265511197,13.558903265511198,4.067670979653359,5.423561306204479,1.3558903265511197,37.964929143431355,0.6463786805831233,44,0.8636363636363636,33,1.0
123119,862,Sallai,ATTACKING_MIDFIELD,CENTRE_RIGHT,0.8888333333333333,198.215735,74,18,14,4,24,21,15,5,1,0,12,6,0,6,0,0,24,2,0,2,1,2,0,13,24.057971014492754,1.187663,0.016049499999999998,0.151853,45.900000000000006,63.790277777777774,31.18333333333333,78.6969,84.62849235484498,20.585308951178508,27.447078601571345,24.016193776374926,1.1436282750654727,13.723539300785673,6.861769650392836,0.0,6.861769650392836,0.0,0.0,27.447078601571345,2.2872565501309454,0.0,2.2872565501309454,1.1436282750654727,2.2872565501309454,0.0,14.867167575851145,1.3582449880490846,18,0.7777777777777778,20,0.75
123119,968,Gregoritsch,CENTER_FORWARD,CENTRE,3.9425166666666662,207.54198333333335,86,34,24,10,31,14,11,1,0,0,11,4,1,4,1,0,19,2,3,3,0,0,0,23,31.88235294117647,0.634312,0.007375720930232558,0.066465,57.769767441860466,50.92674418604651,28.844186046511627,78.6969,98.35203165563065,38.883361352226075,35.45247652702965,16.01079585091662,0.0,12.5799110257202,4.574513100261891,1.1436282750654727,4.574513100261891,1.1436282750654727,0.0,21.728937226243982,2.2872565501309454,3.430884825196418,3.430884825196418,0.0,0.0,0.0,26.30345032650587,0.7254171384133301,34,0.7058823529411765,12,0.9166666666666666
123119,986,Kübler,CENTRAL_DEFENDER,CENTRE_RIGHT,0.6249833333333333,210.68801666666667,120,33,22,9,17,18,18,0,0,0,0,6,0,0,9,0,9,0,8,12,3,7,1,23,19.90909090909091,0.281384,0.002344866666666667,0.020219,75.35641025641026,34.194871794871794,13.988034188034188,94.17005,114.68614490488217,31.538689848842598,16.247203861524973,17.202921735732325,0.0,0.0,5.734307245244109,0.0,0.0,8.601460867866162,0.0,8.601460867866162,0.0,7.6457429936588115,11.468614490488218,2.8671536226220544,6.690025119451461,0.9557178742073514,21.981511106769084,0.2689237183159614,31,0.7096774193548387,18,1.0
123119,1135,Gulde,CENTRAL_DEFENDER,CENTRE_LEFT,0.13075,213.257035,136,42,37,5,36,23,22,0,0,0,1,5,0,4,25,0,2,0,4,11,3,11,0,28,22.061068702290076,0.231084,0.0016991470588235294,0.009143,79.3845588235294,28.5,50.481617647058826,94.17005,129.97763089219978,40.14015071670876,34.40584347146465,21.981511106769084,0.0,0.9557178742073514,4.778589371036757,0.0,3.8228714968294057,23.892946855183787,0.0,1.9114357484147029,0.0,3.8228714968294057,10.512896616280866,2.8671536226220544,10.512896616280866,0.0,26.760100477805842,0.22085110924333162,42,0.8809523809523809,22,1.0
123119,1268,Günter,LEFT_WINGBACK_DEFENDER,LEFT,0.3679,197.77010166666665,132,42,27,6,39,29,28,1,1,0,4,30,1,2,0,1,38,6,1,3,3,2,1,17,15.555555555555555,0.9707210000000001,0.00735394696969697,0.109436,59.97480916030534,52.1969465648855,55.37175572519084,78.6969,150.9589323086424,48.03238755274985,44.60150272755344,33.16521997689871,1.1436282750654727,4.574513100261891,34.30884825196418,1.1436282750654727,2.2872565501309454,0.0,1.1436282750654727,43.457874452487964,6.861769650392836,1.1436282750654727,3.430884825196418,3.430884825196418,2.2872565501309454,1.1436282750654727,19.441680676113037,1.1101439827998307,33,0.8181818181818182,29,0.9655172413793104
123119,1294,Grifo,ATTACKING_MIDFIELD,CENTRE_LEFT,3.3674000000000004,206.40235166666668,98,32,18,8,29,18,15,3,0,0,11,9,0,8,0,0,16,0,1,7,2,4,1,25,30.526315789473685,0.670084,0.006837591836734694,0.118009,59.833673469387755,48.977551020408164,46.17857142857143,89.15861666666666,98.92481882009162,32.30198165554012,29.273670875333234,18.169864681241318,0.0,11.103806194091916,9.084932340620659,0.0,8.07549541388503,0.0,0.0,16.15099082777006,0.0,1.0094369267356287,7.066058487149401,2.0188738534712574,4.037747706942515,1.0094369267356287,25.23592316839072,0.6764075336147171,26,0.6923076923076923,18,0.8333333333333334
123119,1320,Eggestein,DEFENSE_MIDFIELD,CENTRE_LEFT,6.059233333333333,211.18421666666663,89,29,18,9,20,19,18,1,0,0,12,1,0,1,6,0,6,0,5,6,1,2,2,22,27.093023255813954,0.292231,0.0032834943820224723,0.01207,65.50112359550562,41.73483146067416,40.46067415730337,94.17005,85.05889080445428,27.71581835201319,19.11435748414703,18.158639609939677,0.0,11.468614490488218,0.9557178742073514,0.0,0.9557178742073514,5.734307245244109,0.0,5.734307245244109,0.0,4.778589371036757,5.734307245244109,0.9557178742073514,1.9114357484147029,1.9114357484147029,21.025793232561732,0.2792903900974886,27,0.6666666666666666,19,0.9473684210526315
123119,9604,Höler,DEFENSE_MIDFIELD,CENTRE_RIGHT,18.804366666666667,211.1119833333333,60,19,14,4,15,8,7,1,1,0,6,2,1,3,0,0,15,3,0,4,5,3,1,27,44.82142857142857,0.329047,0.005484116666666666,0.042858,55.65833333333333,53.333333333333336,22.238333333333333,94.17005,57.343072452441085,18.158639609939677,14.335768113110271,7.6457429936588115,0.9557178742073514,5.734307245244109,1.9114357484147029,0.9557178742073514,2.8671536226220544,0.0,0.0,14.335768113110271,2.8671536226220544,0.0,3.8228714968294057,4.778589371036757,2.8671536226220544,0.9557178742073514,25.80438260359849,0.31447609935430637,18,0.7777777777777778,8,0.875
123119,15811,Doan,RIGHT_WINGBACK_DEFENDER,RIGHT,2.188683333333333,212.31825,118,33,20,12,29,24,16,7,1,0,3,19,2,2,0,0,33,7,4,9,4,4,2,16,24.504504504504503,1.780258,0.01508693220338983,0.523887,59.116949152542375,52.96016949152543,10.215254237288136,94.17005,112.77470915646747,31.538689848842598,27.71581835201319,22.937228980976435,0.9557178742073514,2.8671536226220544,18.158639609939677,1.9114357484147029,1.9114357484147029,0.0,0.0,31.538689848842598,6.690025119451461,3.8228714968294057,8.601460867866162,3.8228714968294057,3.8228714968294057,1.9114357484147029,15.291485987317623,1.701424391300631,32,0.625,23,0.6956521739130435
123119,27747,Keitel,CENTRAL_DEFENDER,CENTRE,2.461883333333333,213.23371833333337,149,46,23,19,31,36,30,3,0,0,2,1,0,3,24,0,2,0,5,17,3,4,1,33,25.13888888888889,0.244187,0.0016388389261744966,0.010591,78.85033557046981,27.76442953020134,24.373154362416106,94.17005,142.40196325689536,43.96302221353817,29.627254100427894,34.40584347146465,0.0,1.9114357484147029,0.9557178742073514,0.0,2.8671536226220544,22.937228980976435,0.0,1.9114357484147029,0.0,4.778589371036757,16.247203861524973,2.8671536226220544,3.8228714968294057,0.9557178742073514,31.538689848842598,0.23337388054907052,42,0.5476190476190477,33,0.9090909090909091
123133,862,Sallai,ATTACKING_MIDFIELD,CENTRE_RIGHT,1.8694,208.2927666666667,161,52,39,10,53,39,37,1,1,0,26,10,1,9,5,0,67,5,2,1,1,2,3,33,30.194805194805195,1.435894,0.008918596273291925,0.036626,43.81875,66.41875,35.808125000000004,90.60051666666666,159.9328627816876,51.655334563029534,52.64870638154933,38.74150092227215,0.9933718185197987,25.827667281514767,9.933718185197987,0.9933718185197987,8.940346366678188,4.966859092598994,0.0,66.55591184082651,4.966859092598994,1.9867436370395974,0.9933718185197987,0.9933718185197987,1.9867436370395974,2.980115455559396,32.78127001115336,1.426376633981668,49,0.7959183673469388,38,0.9736842105263158
123133,968,Gregoritsch,CENTER_FORWARD,CENTRE,1.8504166666666668,197.1209,85,26,16,5,26,16,14,2,4,0,13,0,1,8,0,1,59,12,2,4,0,0,1,29,41.875,1.734224,0.020402635294117646,0.135908,31.31807228915663,76.42650602409638,32.624096385542174,79.19463333333333,96.59745462550283,29.547456708977336,29.547456708977336,18.183050282447592,4.545762570611898,14.773728354488668,0.0,1.1364406426529745,9.091525141223796,0.0,1.1364406426529745,67.0499979165255,13.637287711835693,2.272881285305949,4.545762570611898,0.0,0.0,1.1364406426529745,32.95677863693626,1.970842637064212,21,0.7619047619047619,16,0.875
123133,986,Kübler,CENTRAL_DEFENDER,CENTRE_RIGHT,0.296,215.924685,168,55,42,9,39,38,36,0,0,0,2,12,0,3,21,0,33,0,5,13,5,4,0,38,23.636363636363637,0.638457,0.0038003392857142862,0.033402,61.7311377245509,47.81437125748503,14.331736526946107,97.85925,154.50762191617042,50.58285241303198,35.86784080196813,34.94815257627664,0.0,1.8393764513829811,11.036258708297886,0.0,2.7590646770744716,19.313452739521303,0.0,30.34971144781919,0.0,4.598441128457453,11.955946933989377,4.598441128457453,3.6787529027659622,0.0,34.94815257627664,0.5871813855103121,51,0.8235294117647058,36,1.0
123133,1050,Höfler,DEFENSE_MIDFIELD,CENTRE_LEFT,0.6357,215.954085,153,51,40,8,37,30,30,0,2,0,15,3,1,5,10,0,33,8,5,13,3,5,1,49,34.16107382550336,1.052122,0.006876614379084967,0.131873,54.10392156862745,53.83856209150326,38.611111111111114,97.85925,140.71229853079805,46.90409951026602,34.02846435058515,27.590646770744716,1.8393764513829811,13.795323385372358,2.7590646770744716,0.9196882256914906,4.598441128457453,9.196882256914906,0.0,30.34971144781919,7.3575058055319245,4.598441128457453,11.955946933989377,2.7590646770744716,4.598441128457453,0.9196882256914906,45.06472305888304,0.9676242153909824,48,0.8333333333333334,30,1.0
123133,1135,Gulde,CENTRAL_DEFENDER,CENTRE_LEFT,0.5646,176.77701833333333,54,19,17,0,16,12,11,1,0,0,0,2,0,0,13,0,3,2,0,3,0,0,2,9,19.056603773584907,0.188788,0.003496074074074074,0.028894,66.10740740740741,41.04074074074074,43.89259259259259,58.635,82.88564850345357,29.16346891788181,24.558710667689947,18.41903300076746,0.0,0.0,3.0698388334612434,0.0,0.0,19.953952417498083,0.0,4.604758250191865,3.0698388334612434,0.0,4.604758250191865,0.0,0.0,3.0698388334612434,13.814274750575596,0.28977436684574065,17,1.0,12,0.9166666666666666
123133,1268,Günter,LEFT_WINGBACK_DEFENDER,LEFT,0.2110833333333333,196.49845,105,33,25,5,29,25,25,0,0,0,0,25,0,4,0,0,46,1,0,4,2,2,1,16,21.274509803921568,0.7461490000000001,0.007106180952380953,0.030389,49.82884615384615,64.675,57.44903846153846,79.19463333333333,119.32626747856231,37.502541207548155,32.95677863693626,28.41101606632436,0.0,0.0,28.41101606632436,0.0,4.545762570611898,0.0,0.0,52.27626956203682,1.1364406426529745,0.0,4.545762570611898,2.272881285305949,2.272881285305949,1.1364406426529745,18.183050282447592,0.8479540490748744,30,0.8333333333333334,25,1.0
123133,1294,Grifo,ATTACKING_MIDFIELD,CENTRE_LEFT,0.0,215.970735,214,65,52,6,64,55,52,2,5,0,25,19,1,12,5,0,83,14,5,6,0,2,1,51,26.74641148325359,1.893416,0.008847738317757009,0.073301,47.87934272300469,61.99483568075117,40.72816901408451,97.85925,196.813280297979,59.77973466994688,58.860046444255396,50.58285241303198,4.598441128457453,22.992205642287264,17.47407628813832,0.9196882256914906,11.036258708297886,4.598441128457453,0.0,76.33412273239372,12.875635159680868,4.598441128457453,5.518129354148943,0.0,1.8393764513829811,0.9196882256914906,46.90409951026602,1.7413524015358794,58,0.896551724137931,54,0.9629629629629629
123133,1320,Eggestein,DEFENSE_MIDFIELD,CENTRE_RIGHT,0.2583,217.30096666666668,155,49,44,3,47,39,38,0,3,0,25,6,1,8,6,0,63,11,3,4,1,2,4,39,30.84967320261438,1.805484,0.011648283870967743,0.131873,45.56363636363636,63.16948051948052,25.58116883116883,97.85925,142.55167498218103,45.06472305888304,43.22534660750006,35.86784080196813,2.7590646770744716,22.992205642287264,5.518129354148943,0.9196882256914906,7.3575058055319245,5.518129354148943,0.0,57.94035821856391,10.116570482606397,2.7590646770744716,3.6787529027659622,0.9196882256914906,1.8393764513829811,3.6787529027659622,35.86784080196813,1.6604823764743752,47,0.9361702127659575,38,1.0
123133,15811,Doan,RIGHT_WINGBACK_DEFENDER,RIGHT,1.628083333333333,216.49721666666667,146,46,37,3,42,36,34,2,2,1,7,25,0,8,1,0,77,9,5,4,2,3,1,35,30.21276595744681,1.275162,0.008794220689655172,0.076187,47.67916666666667,64.35972222222222,13.179861111111112,97.85925,134.2744809509576,42.30565838180856,38.626905479042605,33.10877612489366,1.8393764513829811,6.437817579840434,22.992205642287264,0.0,7.3575058055319245,0.9196882256914906,0.0,70.81599337824477,8.277194031223415,4.598441128457453,3.6787529027659622,1.8393764513829811,2.7590646770744716,0.9196882256914906,32.18908789920217,1.1727514772492125,40,0.925,36,0.9444444444444444
123133,27747,Keitel,CENTRAL_DEFENDER,CENTRE,0.8142499999999999,213.34496666666664,187,59,49,9,51,47,47,0,2,0,1,0,0,0,48,0,9,7,1,11,2,4,2,30,18.38888888888889,0.9414629999999999,0.005034561497326203,0.131873,66.26864864864865,40.42540540540541,27.100540540540543,97.85925,171.98169820430874,54.261605315797944,46.90409951026602,43.22534660750006,1.8393764513829811,0.9196882256914906,0.0,0.0,0.0,44.145034833191545,0.0,8.277194031223415,6.437817579840434,0.9196882256914906,10.116570482606397,1.8393764513829811,3.6787529027659622,1.8393764513829811,27.590646770744716,0.8658524360241877,58,0.8448275862068966,47,1.0
123133,94848,Makengo,CENTRAL_DEFENDER,CENTRE_LEFT,178.54673333333332,216.030135,91,30,25,4,23,22,20,0,0,0,0,3,0,1,19,0,2,0,1,9,0,1,0,10,14.827586206896552,0.223492,0.002455956043956044,0.008912,68.67999999999999,39.76777777777777,53.10444444444444,39.22425,208.79940343027593,68.83496816382723,52.773475592267545,50.4789766534733,0.0,0.0,6.883496816382722,0.0,2.294498938794241,43.59547983709058,0.0,4.588997877588482,0.0,2.294498938794241,20.65049044914817,0.0,2.294498938794241,0.0,22.94498938794241,0.5128021568290025,29,0.8620689655172413,20,1.0
123137,862,Sallai,ATTACKING_MIDFIELD,CENTRE_RIGHT,0.8010166666666667,191.309535,82,24,17,3,28,22,17,3,2,0,18,1,1,4,3,0,32,5,0,2,0,0,2,19,32.592592592592595,0.880043,0.010732231707317073,0.109436,46.420731707317074,62.107317073170734,30.71829268292683,79.11368333333333,93.28348383054681,27.302483072355162,31.852896917747692,25.0272761496589,2.2752069226962637,20.476862304266373,1.1376034613481318,1.1376034613481318,4.550413845392527,3.4128103840443953,0.0,36.40331076314022,5.688017306740659,0.0,2.2752069226962637,0.0,0.0,2.2752069226962637,21.614465765614504,1.0011399629351938,20,0.85,20,0.85
123137,968,Gregoritsch,CENTER_FORWARD,CENTRE,185.23981666666663,211.73935166666664,31,9,5,4,12,6,4,2,1,0,4,0,1,4,0,0,20,8,0,1,0,1,0,12,46.333333333333336,0.756473,0.024402354838709676,0.098812,36.65483870967742,72.40645161290323,30.758064516129032,40.45666666666667,68.96267611436105,20.02142209771772,26.695229463623626,13.347614731811813,2.224602455301969,8.898409821207876,0.0,2.224602455301969,8.898409821207876,0.0,0.0,44.49204910603938,17.796819642415752,0.0,2.224602455301969,0.0,2.224602455301969,0.0,26.695229463623626,1.6828516931696462,9,0.5555555555555556,6,0.6666666666666666
123137,986,Kübler,CENTRAL_DEFENDER,CENTRE_RIGHT,0.7455999999999999,217.65680166666667,148,50,37,9,41,30,29,0,0,0,9,13,0,5,14,0,34,6,2,9,1,2,2,35,21.47887323943662,0.59417,0.004014662162162162,0.027022,61.888513513513516,49.689189189189186,10.647297297297296,101.37058333333333,131.3990662971753,44.39157645174841,36.4010926904337,26.634945871049048,0.0,7.990483761314715,11.541809877454588,0.0,4.439157645174841,12.429641406489555,0.0,30.18627198718892,5.326989174209809,1.7756630580699366,7.990483761314715,0.8878315290349683,1.7756630580699366,1.7756630580699366,31.07410351622389,0.5275228596067071,46,0.8043478260869565,29,1.0
123137,1050,Höfler,DEFENSE_MIDFIELD,CENTRE_LEFT,0.3865166666666667,201.34386666666663,146,49,44,5,43,38,36,2,0,0,9,1,0,6,25,0,26,3,5,5,2,4,0,32,22.876712328767123,0.772943,0.005294130136986302,0.031329,54.904794520547945,52.00479452054795,36.35616438356164,84.64045,155.2449213112643,52.102747563369526,45.72281929030387,40.40621239608249,0.0,9.569892409598484,1.063321378844276,0.0,6.379928273065656,26.5830344711069,0.0,27.646355849951174,3.189964136532828,5.31660689422138,5.31660689422138,2.126642757688552,4.253285515377104,0.0,34.02628412301683,0.8218868165280312,49,0.8979591836734694,38,0.9473684210526315
123137,1268,Günter,LEFT_WINGBACK_DEFENDER,LEFT,1.8725166666666664,179.69463333333334,118,40,30,6,35,28,28,0,0,0,0,32,0,2,1,0,30,0,2,3,1,1,0,9,12.456140350877194,0.563395,0.004774533898305085,0.030389,59.25,54.251724137931035,60.345689655172414,60.913916666666665,174.3443958482394,59.09979520279301,51.712320802443884,41.36985664195511,0.0,0.0,47.27983616223441,0.0,2.9549897601396506,1.4774948800698253,0.0,44.324846402094764,0.0,2.9549897601396506,4.432484640209476,1.4774948800698253,1.4774948800698253,0.0,13.297453920628428,0.8324132279569392,36,0.8333333333333334,28,1.0
123137,1294,Grifo,ATTACKING_MIDFIELD,CENTRE_LEFT,0.0467999999999999,219.696685,171,51,44,5,49,42,40,2,1,0,11,24,0,6,7,0,43,3,2,4,3,4,1,33,21.30952380952381,1.257204,0.007352070175438596,0.030389,51.42982456140351,59.93918128654971,48.149707602339184,101.37058333333333,151.81919146497958,45.27940798078338,43.503744922713445,37.28892421946867,0.8878315290349683,9.766146819384652,21.307956696839238,0.0,5.326989174209809,6.2148207032447775,0.0,38.17675574850364,2.6634945871049047,1.7756630580699366,3.5513261161398733,2.6634945871049047,3.5513261161398733,0.8878315290349683,29.29844045815395,1.1161853496288783,49,0.8979591836734694,42,0.9523809523809523
123137,1320,Eggestein,DEFENSE_MIDFIELD,CENTRE_RIGHT,0.2746166666666667,217.55245,111,32,22,7,31,18,14,4,2,0,12,6,2,6,5,0,36,11,3,5,6,7,1,40,36.320754716981135,2.08655,0.018797747747747746,0.293942,51.30462962962962,58.2962962962963,18.71388888888889,101.37058333333333,98.54929972288147,28.410608929118986,27.522777400084017,15.98096752262943,1.7756630580699366,10.653978348419619,5.326989174209809,1.7756630580699366,5.326989174209809,4.439157645174841,0.0,31.96193504525886,9.766146819384652,2.6634945871049047,4.439157645174841,5.326989174209809,6.2148207032447775,0.8878315290349683,35.51326116139873,1.852504876907913,29,0.7586206896551724,18,0.7777777777777778
123137,9604,Höler,CENTER_FORWARD,CENTRE,0.9984333333333332,179.7586,47,18,10,6,15,8,8,0,0,0,2,2,1,9,0,0,31,4,2,1,1,1,0,26,45.43478260869565,0.546285,0.011623085106382979,0.035805,39.05744680851064,73.11276595744681,43.212765957446805,60.913916666666665,69.44225936328179,26.594907841256855,22.162423201047382,11.819959040558603,0.0,2.9549897601396506,2.9549897601396506,1.4774948800698253,13.297453920628428,0.0,0.0,45.80234128216458,5.909979520279301,2.9549897601396506,1.4774948800698253,1.4774948800698253,1.4774948800698253,0.0,38.414866881815456,0.8071332905589446,16,0.625,8,1.0
123137,15811,Doan,RIGHT_WINGBACK_DEFENDER,RIGHT,0.7792666666666667,216.18568333333332,112,32,20,6,33,26,19,4,2,1,3,21,2,6,0,0,47,13,1,5,3,2,2,29,30.091743119266056,1.064767,0.009592495495495495,0.131873,52.747747747747745,60.002702702702706,12.412612612612612,101.37058333333333,99.43713125191644,28.410608929118986,29.29844045815395,23.083619754909176,1.7756630580699366,2.6634945871049047,18.644462109734334,1.7756630580699366,5.326989174209809,0.0,0.0,41.72808186464351,11.541809877454588,0.8878315290349683,4.439157645174841,2.6634945871049047,1.7756630580699366,1.7756630580699366,25.74711434201408,0.9453337136759761,26,0.7692307692307693,23,0.8260869565217391
123137,27747,Keitel,CENTRAL_DEFENDER,CENTRE,0.1826333333333333,219.61836666666667,271,89,69,15,75,72,72,0,0,0,1,4,0,2,67,0,3,1,3,12,6,5,1,42,15.019011406844106,0.691677,0.0025523136531365315,0.016178,68.59442379182157,38.60855018587361,19.78921933085502,101.37058333333333,240.6023443684764,79.01700608411218,66.58736467762262,63.92387009051772,0.0,0.8878315290349683,3.5513261161398733,0.0,1.7756630580699366,59.48471244534287,0.0,2.6634945871049047,0.8878315290349683,2.6634945871049047,10.653978348419619,5.326989174209809,4.439157645174841,0.8878315290349683,37.28892421946867,0.6140926485083197,84,0.8214285714285714,72,1.0
123137,94848,Makengo,CENTRAL_DEFENDER,CENTRE_LEFT,0.6060666666666666,219.74651666666665,220,70,60,10,54,56,55,0,0,0,1,1,0,2,50,0,5,0,2,15,4,5,3,41,15.99056603773585,0.539226,0.0024510272727272728,0.01257,68.25622119815668,38.91244239631337,47.409677419354836,101.37058333333333,195.32293638769303,62.14820703244778,47.94290256788829,49.71856562595822,0.0,0.8878315290349683,0.8878315290349683,0.0,1.7756630580699366,44.39157645174841,0.0,4.439157645174841,0.0,1.7756630580699366,13.317472935524524,3.5513261161398733,4.439157645174841,2.6634945871049047,36.4010926904337,0.47874184407540976,70,0.8571428571428571,55,1.0
123137,94862,Weißhaupt,LEFT_WINGBACK_DEFENDER,LEFT,180.9812,219.23601833333333,59,16,10,2,14,17,14,1,0,0,0,13,0,0,1,0,14,2,1,4,2,2,1,15,26.842105263157894,0.308362,0.005226474576271187,0.027022,61.05762711864407,51.43728813559322,54.22372881355932,40.45666666666667,131.25154486281616,35.593639284831504,31.144434374227565,37.81824174013347,0.0,0.0,28.919831918925595,0.0,0.0,2.224602455301969,0.0,31.144434374227565,4.449204910603938,2.224602455301969,8.898409821207876,4.449204910603938,4.449204910603938,2.224602455301969,33.369036829529534,0.6859828623218258,12,0.8333333333333334,15,0.9333333333333333
