,passes_per90,pass_success_rate,dribble_success_rate,shots_per90,total_pxt_per90,final_third_actions_per90,opponent_box_actions_per90,between_lines_receptions_per90,wide_availability_per90,box_availability_per90,hold_up_actions_per90,interceptions_per90,loose_ball_regains_per90,ground_duels_per90,clearances_per90,blocks_per90,high_pressure_actions_per90
0,-0.027743797498285393,0.15196848051215064,0.05075115574792981,-0.7032121575884003,-0.9745489473768748,-1.06547216166795,-0.6840851388737461,-1.0162262453766269,-0.632314968484494,-0.5155051284414176,-0.9646242000767195,1.198061496830724,1.02096801016882,0.20331690871388752,0.30915851654637533,1.2483998239435834,-0.1826233399531263
1,-0.8844768243319212,0.2873806570332556,0.7506168837278407,1.9595604549103895,1.171936766565523,1.3941312967142554,0.20387690084516374,0.4542105302537981,-0.11117730297353638,-0.5155051284414176,-0.3147007865398944,-0.8889142599262587,-0.4589927885363885,-0.3660933375839991,-0.6599514788172619,0.21720923731606226,-1.3111694690133218
2,-1.14101020957338,-1.269859372959457,-2.685087599082629,4.28901990541893,2.5572965557930405,0.898719281663035,3.662397688152656,-0.035935061623010245,-0.9746621095198437,4.187006443813344,2.1518730364236274,-0.8889142599262587,-0.1995658796749057,-1.0922690282403074,-1.2381163338412584,0.21720923731606226,1.0657645245741683
3,-0.37100891627866966,-0.42729471905035604,0.7506168837278407,-0.10937329833412619,-0.26326013122837233,-0.44675937140243693,-0.29843372624438325,-0.2874933504925677,0.22355288410388005,-0.5155051284414176,-1.239665970151215,-0.5129248584563947,2.178091069757413,0.8511098771909849,1.3406750834714645,0.07525969251781575,-0.1826233399531263
5,0.047581843683504196,0.10509503479330663,0.7506168837278407,-0.7032121575884003,-0.35659163289201007,0.30146444327211136,-0.46998770847681043,-0.7086549354318588,1.915180228140549,1.0127968867762078,-0.6592409742080906,-0.4657376468110065,-1.023558806631772,0.2747787150841518,-0.6939099038410106,0.13996764474692253,-1.2998574237190623
6,0.10794832763051682,-0.8055890534585238,0.7506168837278407,0.5499753760003157,0.627477275987457,1.6537752332963245,0.5473201333022324,0.8292016142919812,0.37995148625846537,1.0127968867762078,-0.9494534721796527,0.4369427424779411,-0.04680077168239737,0.2747787150841518,-0.6939099038410106,-0.4789563970805147,-1.2103644182721787
7,0.601575586932419,1.5112984063586319,0.7506168837278407,-0.7032121575884003,-0.5147013714390272,-0.7119219958019425,-0.8769108451884277,0.5869861233683034,-0.8890753242610063,-0.5155051284414176,-0.41454065992772865,1.198061496830724,0.5581187863333829,1.4989028456680824,0.30915851654637533,-0.5113103731950681,0.15663585528400303
9,0.20579006294427968,-0.10323139062377884,-1.0490378453633586,-0.7032121575884003,0.6546318325187875,0.898719281663035,0.6361919992586003,1.761265441925287,-0.30306281553938247,-0.5155051284414176,-0.006379058669454264,-0.4094104837525635,-0.1995658796749057,-0.3660933375839991,-0.6599514788172619,0.21720923731606226,0.01991356739567256
11,1.6313709432735721,0.37970714102491837,0.49866522165507265,-0.10937329833412619,0.026107791829289004,-0.6235344543354406,0.08721768638497965,-0.870479666399815,-0.632314968484494,0.9329055858175659,-0.1394988898532332,1.198061496830724,1.02096801016882,-0.4444760597632099,-0.20659976691616916,0.07525969251781575,-0.9459565292366682
15,-1.1719865985296234,1.0772850200730373,0.7506168837278407,-0.7032121575884003,-0.42328440840943654,0.024614340137024102,-0.3841436790304113,-0.08508576011342206,-0.755944603235979,-0.5155051284414176,-0.8882305827098916,0.8177995428309954,-1.460423890669428,-0.2645497592839871,0.07990683133570996,0.4011026300961205,-1.6669013976613993
17,0.30157383101933855,-0.26723304467552667,0.356942411739141,-0.7032121575884003,-0.8397824659995006,-1.1510747258164822,-0.8769108451884277,-0.5720980786422705,-0.6269215102728718,-0.5155051284414176,-1.239665970151215,0.8040092649268543,2.005001583747007,-0.4342704997147234,0.3335348330017187,-0.5020693404584042,0.028428532212171224
18,-0.8235282440593522,0.355086745293809,-1.6114299482043575,3.1356688768779315,2.124699728598949,2.0976614730721566,0.6812453267118321,1.339226623500299,-0.55970422791916,1.825313569441153,0.9828490656426275,-0.6771243283053594,-0.6340911864783108,-0.04535196387446729,-0.4045843655731249,-1.097880438907952,0.23625244076711457
22,0.28568361708890405,0.3134214602103912,0.30070320145504126,-0.0010562101968069717,-0.39276782835843,0.4460277346327461,-0.8769108451884277,-0.6715643033506076,1.6564843759766252,-0.5155051284414176,-1.239665970151215,-0.35688163481141766,1.253877512887632,-0.3263176621309243,-0.6282829749996469,0.28924219136041995,-0.536264485041787
23,0.6502468701581356,1.1675598044204416,0.7506168837278407,0.5031766566935145,-0.16329225036831999,-0.343054454687102,0.2982704598687845,1.2044145882951547,-0.8007918098963578,-0.5155051284414176,-0.6809162189226683,2.1074656455429395,1.2997899118862302,0.8817265573364444,1.3813022775637034,1.2853639548902387,0.9760895455663444
24,0.7664712165377349,-0.4573863138328244,0.3800997336208291,0.5031766566935145,1.6802065888451692,1.4525461478226318,0.8858611123973903,1.7965854772742966,0.6771057369032726,0.9557243616279795,0.43658328353442505,1.238494725132216,-0.8158451036961004,-0.4342704997147234,-0.19034888927927363,-1.097880438907952,0.20073053464020285
25,0.12723731144993972,0.46845507912543183,0.284039731741233,-0.10001775044744289,-0.021516883997637747,0.19562572606581813,-0.4851837435026903,1.7965854772742966,-0.6269215102728718,-0.5155051284414176,-0.40154134330839497,2.1074656455429395,0.829648797312379,-1.0922690282403074,-0.19034888927927363,0.09374175799114343,0.28688153585421833
26,-0.5260707534027869,-0.34131873395759066,-0.29918170824202567,0.7010997371947864,2.150246678321741,0.4460277346327461,1.4030631644084157,1.5687383198185167,-0.8734641677699796,1.197097846984918,1.3620124027519729,-0.8626498354556859,-0.6615801162141902,-0.3263176621309243,-0.018449616158035458,-0.404319123773766,0.9680126723728766
27,-0.5640469308203552,-0.23580275225283315,-1.1390205818179182,0.1288018530548045,0.9043300376749379,1.2080392502782107,1.5545622402999393,-0.19941748439858867,0.1045610335331067,1.5138299153152899,-0.46895653391978975,0.429499779609227,-1.4318836150025605,1.6305545999368232,-1.2381163338412584,-0.27605056824255886,-0.5032752445862251
28,0.7083590433479353,0.7300743110445621,0.3800997336208291,-0.7032121575884003,-0.8478430290277625,-1.2408547559419687,-0.8769108451884277,-0.8681835231318413,-0.8007918098963578,-0.5155051284414176,-0.9602910945369416,1.238494725132216,1.7699310264600816,-0.4342704997147234,2.4290697221256883,-0.5020693404584042,-0.23002447142987587
30,0.30157383101933855,-0.14787276749886838,0.7506168837278407,-0.10001775044744289,-0.34689816856972433,0.016065665814844744,-0.28932019265982156,-0.7201408008870559,1.3725869353972162,0.9557243616279795,-1.239665970151215,-0.06496165548386904,1.0647193545993048,-0.4342704997147234,-0.19034888927927363,0.09374175799114343,-1.0053834823560175
33,2.073426282717702,0.8025356764070268,0.7506168837278407,-0.06341679817709472,-0.09775955952013396,-1.1877931599795568,-0.4614143172910659,-0.7021747702120148,-0.1447698843146809,-0.5155051284414176,-0.9433390366815659,-0.9075686351768522,1.2358841958955666,1.001505715356205,0.9845725400505977,-1.097880438907952,-0.083654010941304
34,-1.0097106347570037,1.6135172390966153,-0.29918170824202567,1.8538583957011505,1.8959875449263108,-0.09369513126314759,0.3685505990669538,-0.70243380864362,0.8680216836131683,-0.5155051284414176,-0.0553359112101193,-1.368418036099954,-0.7596127881668397,-1.0922690282403074,-1.2381163338412584,-1.097880438907952,-1.898174265158613
35,0.22651694422545976,-0.7282106668750352,-1.768899736999837,0.5774357474054318,1.3971034886202776,2.3863158678542704,0.3706085768191954,2.7555050541424775,-0.4209435264625079,-0.5155051284414176,1.7260515906195666,-1.368418036099954,-1.2570467492851347,0.3047340392108724,-0.12585371426636938,-1.097880438907952,1.3817240998937506
36,-1.0097106347570037,-1.7130264961194386,0.7506168837278407,1.8538583957011505,1.1078032706719316,0.09660327716828443,1.6140120433223353,-1.0162262453766269,-0.9746621095198437,-0.5155051284414176,1.1289941477309764,-1.368418036099954,-0.7596127881668397,-1.0922690282403074,-1.2381163338412584,0.1650051226390517,1.1924796310074097
37,2.3160140217445773,0.5872219050442756,0.12073772854592062,-0.7032121575884003,-0.2108192639584823,-0.3791427439102956,-0.8769108451884277,-0.07484893517760653,3.447778993999385,-0.5155051284414176,-0.6475009406806671,1.3943976406640124,0.7351590288486052,-1.0922690282403074,-0.1276885648389171,3.3496287335043466,-0.816189583312923
38,2.323951773651846,0.5872219050442756,0.12073772854592062,-0.7032121575884003,-0.20899068345541344,-0.37757051583111556,-0.8769108451884277,-0.0732934204968507,3.455086554938843,-0.5155051284414176,-0.6465224579970585,1.39896286684789,0.739275584949538,-1.0922690282403074,-0.12585371426636938,3.3496287335043466,-0.8131722302786496
39,1.0255745935048837,0.9459762428404502,0.43567730613688066,0.5763785612342108,-0.1108196912099253,-0.2355156527268984,-0.04591778939370416,0.8680826056110443,-0.9746621095198437,-0.5155051284414176,1.1309494976059762,1.3966783694386575,-0.26012156847411816,1.6994306298883761,2.6515891954694895,0.16604764583867307,1.3784022716192748
40,0.8570587223022456,-0.10323139062377884,0.7506168837278407,0.10421039121152352,0.11938107978058288,-0.008681832147809043,-0.09037513348579991,1.559940574547153,0.0726629231608361,1.453849777171707,1.0041238077579009,-0.20523298815390698,-0.812146754117676,-1.0922690282403074,-1.2381163338412584,-1.097880438907952,-1.2584148539111197
41,0.5459080986377539,1.5524154640067407,0.7506168837278407,-0.7032121575884003,-0.5403790698939376,-0.910013391638477,-0.8769108451884277,-0.025392853098249825,0.5381407154633605,-0.5155051284414176,-0.49173604418150973,0.95795205979214,-0.812146754117676,-1.0922690282403074,-1.2381163338412584,-1.097880438907952,-1.0277752453259204
42,-0.6386604423037118,-1.6309585103490711,0.7506168837278407,-0.06341679817709472,-0.3167252665727995,-0.28312952808953135,0.36957873850365747,0.23997965528182075,-0.7902416150298075,2.6054979486162826,0.8346225641363273,-0.44671923425375015,-0.26012156847411816,-0.3943441137081365,-0.6824441153682943,-0.4659163965346394,0.9215096833190936
43,-0.020240094530585766,-0.4573863138328244,-1.1874728245242194,0.5774357474054318,0.9254582067358527,1.3379451705942964,0.7864483841550698,-0.38760436212344274,1.0556393616903879,2.608076492868651,0.5397645663112538,-1.368418036099954,-0.7579661657264667,1.7017371066620521,-0.12585371426636938,-1.097880438907952,0.2842759348075503
44,2.874724633292211,1.1969263005334523,0.7506168837278407,-0.06341679817709472,-0.07919291356978658,-1.2354070353421895,-0.4614143172910659,-1.0162262453766269,-0.6058211205397713,-0.5155051284414176,-0.9433390366815659,-0.9075686351768522,1.485218489957181,1.001505715356205,-0.1267718968953303,0.16604764583867307,0.09910302437876835
46,-0.024310736534313093,1.1675598044204416,0.7506168837278407,-0.7032121575884003,-0.7273332563387152,-0.1888443354788636,-0.8769108451884277,-1.0162262453766269,1.2365584422397708,-0.5155051284414176,-0.0553359112101193,-1.368418036099954,-0.2613555158283581,-1.0922690282403074,-1.2381163338412584,-1.097880438907952,-1.898174265158613
48,0.7200310217375504,1.04256394917019,0.7506168837278407,-0.7032121575884003,-0.46561223351092884,-0.2822640888074815,-0.8769108451884277,-1.0162262453766269,1.9785036667859475,-0.5155051284414176,0.5397645663112538,1.39896286684789,0.24019500139086974,-1.0922690282403074,-0.12585371426636938,0.16709189168459587,-0.6302642027642827
50,0.5780181755574163,1.0772850200730373,0.7506168837278407,-0.7032121575884003,-0.7552863443757974,-0.9779142906358215,-0.8769108451884277,-0.3515196952229659,-0.8770781779319963,-0.5155051284414176,-0.6124743495387643,1.0701122658785036,0.0909249194609575,0.3849259505822061,-0.6500615202732061,0.2397048668351404,-0.6114741382732082
52,-0.43623139268800176,-0.9216566333337566,0.266094456664826,0.4798456010420619,0.07027228100504389,0.9585019820852485,0.08346731280823136,-0.5806873318347618,1.1566843988548965,0.92727139795449,0.13019344104790787,-0.0901699573144,-0.8340297691676343,0.8435503074263134,0.30313975605456533,0.07069628255053464,-0.44564570749045174
54,-0.5140047579950231,-0.0511497842695077,0.7506168837278407,-0.0423164982134363,-0.7170335497109223,-0.6420564097723428,-0.018511834525385733,-0.6918174266762631,0.9303642792366678,-0.5155051284414176,-0.9335662443479771,1.4878705963391199,-0.468340931655584,-1.0922690282403074,0.48387813746257297,-0.4450743715587274,-0.3768406748443191
55,0.05617499978746606,0.6971806649260747,0.7506168837278407,-0.02613180645217403,-0.06671378770006357,-0.7763597218177449,0.0025095221724217823,1.3102466801611865,-0.9746621095198437,-0.5155051284414176,0.6419088916861371,1.5578183262741956,-0.4368042954832599,-1.0922690282403074,-0.06200670670515374,-0.42908778603640574,0.5489706429548532
56,0.98847630828633,1.2673371976465186,0.3800997336208291,-0.11168327827316919,-0.46636870351815857,-1.1545473423634012,-0.30068395039043216,-0.7258669696820502,-0.46313894750990603,-0.5155051284414176,-0.9656940879113903,-1.368418036099954,0.5491165763466187,-1.0922690282403074,-1.2381163338412584,-0.5135920781787087,-0.6991003380210515
58,1.4463838055000406,0.6259110983360199,0.7506168837278407,1.4460648451292475,1.242187774065043,0.828693159336833,0.8678211206321008,2.4125212607810544,0.10951076413687748,2.1056064661719227,1.7467045342152685,-0.5943478552599354,-0.9185337862001491,-1.0922690282403074,-1.2381163338412584,1.0250886680690379,1.3483527210490363
59,-0.892137856999788,1.04256394917019,0.7506168837278407,-0.11168327827316919,-0.6649106109853296,-0.31813198476914417,-0.8769108451884277,-0.14514841829289699,-0.20737736650493727,-0.5155051284414176,-0.6917222056715657,-0.0901699573144,-0.8340297691676343,0.19827719553743986,-0.21061227391070922,0.07069628255053464,-0.530130584333985
60,-1.4982236462234948,-0.5198842414579498,-3.3226016531152394,1.4571251978493691,-0.47232087499719644,-0.09803921853728592,0.7598856188353635,0.044202098387410835,-0.9746621095198437,-0.5155051284414176,1.0950196136375794,-1.368418036099954,-0.6335888387673327,-0.30672969290143204,0.638170252623953,-0.38658241319301284,0.23754117854569728
61,-0.7686893675557994,-0.2948917020074977,-0.6491145722319811,-0.0423164982134363,0.20627512283732924,0.8334686822886131,-0.018511834525385733,0.9302266668255559,-0.4031541928928903,-0.5155051284414176,1.2091318362746886,-0.8923699306934418,-0.9834554921308716,-0.3713267147349872,-0.6641181767399813,-0.4450743715587274,-0.2824485152369028
62,0.8744996922083839,1.1247980644664082,0.7506168837278407,-0.11168327827316919,-0.7870640253657459,-1.0665036205113743,-0.6848352135890958,-1.0162262453766269,-0.5483928078448957,-0.5155051284414176,-0.9656940879113903,-1.368418036099954,1.0101653581847034,-1.0922690282403074,-1.2381163338412584,-1.097880438907952,-1.121524722238718
67,1.0167352583126759,-0.3005932673347018,0.7506168837278407,-0.7032121575884003,-0.7140250970292089,-0.5317998737238618,-0.48963679264472554,-0.7235066211963466,1.0021164577982824,-0.5155051284414176,-0.4110689203752357,0.7793136911783415,0.10305937060258344,-1.0922690282403074,-0.7201879818933127,-0.5088423620066921,-0.25744603590917237
68,-0.41955397955769946,-1.8284346011090167,-0.8240810042269581,0.48946275063166444,-0.16166208121134437,0.3114147559721537,1.059459417530083,-0.8698664332864867,0.658328880873391,0.9389998174483778,0.6937271459927367,0.34976734572268225,0.10305937060258344,2.1603238561081612,1.3515254258984701,0.6692337917958276,1.1053005180983382
70,-1.1085692052099483,-0.0511497842695077,-1.0490378453633586,-0.021484143968126406,-0.5811362123663872,0.2928699646564968,-0.8769108451884277,-0.6815916076145069,0.3026369532915613,-0.5155051284414176,-0.6081691367814633,-0.3863104229453974,-0.42774810566060373,-0.34860160608534024,-0.05393357242796669,-0.4244970125526654,-1.3764745853379994
71,-0.6924434593988342,-1.9057078540150825,0.7506168837278407,0.07327127050234722,0.5520237566203623,0.46073947649162045,0.3837507225916361,-0.44450648581830593,0.03253112890266139,-0.5155051284414176,0.1988749617358003,-0.24980435002508683,-0.5457156313792014,0.6017949321001521,0.1106595294025336,0.43607756448748497,0.6847755951785954
72,0.21241328510526583,0.43246513187729757,0.266094456664826,-0.7032121575884003,-0.8116822818375907,-1.064356481952924,-0.8769108451884277,0.30101206343463444,-0.8887152152886207,-0.5155051284414176,0.14132911280875057,0.34976734572268225,1.4974493981873733,-1.0922690282403074,-0.7201879818933127,1.2582718686970875,1.2756438373492769
73,-0.3204313327064678,-1.2206185814972363,-0.7314517167002056,-0.021484143968126406,0.36682835543452,0.4450735350368672,2.000824230580856,0.8242642623150335,-0.7781545613950122,-0.5155051284414176,1.2863213633277917,0.10474338363188102,-0.16207226022396368,1.138733238224594,1.130249188985325,-0.4244970125526654,2.6155942395433076
74,-0.6176365001199924,-1.1151025997924788,-1.9488652099089574,0.07327127050234722,-0.479058639789089,0.46073947649162045,-0.1205139045203894,-0.6350797390044128,-0.19128959074678414,-0.5155051284414176,1.6374158936228156,0.30950249301234667,-0.5457156313792014,-1.0922690282403074,-1.2381163338412584,3.3496287335043466,2.791893392225839
75,0.49967113267934055,0.546256876853016,0.4101416647105876,-0.7032121575884003,-0.9550454734411606,-1.2862550687150336,-0.6832738189165766,-1.0162262453766269,-0.9746621095198437,-0.5155051284414176,-0.9634669535592219,0.34976734572268225,0.8002543843949783,0.20876812549908008,0.8335970739505243,-1.097880438907952,-0.7684759936619889
76,-0.8791665356762195,-0.0511497842695077,-2.213520317128252,-0.7032121575884003,-0.6202685461189157,-0.22114185225690872,-0.29599976637287445,0.30101206343463444,-0.5449276383637293,0.9389998174483778,0.41752812940074363,1.6384063820896595,-1.058932319051408,2.810842432977855,2.387382129794361,0.6692337917958276,0.25358392184364426
79,1.0167352583126759,0.43913568244483925,0.43567730613688066,-0.7032121575884003,-0.8774484935857557,-1.1974956340101899,-0.8769108451884277,-1.0162262453766269,0.2285944097172767,-0.5155051284414176,-0.4110689203752357,-0.07977899973297677,2.4270427499105667,-0.44175045137061364,1.3515254258984701,1.2582718686970875,1.3608154969747468
82,-0.11042886963621507,0.5217478856274766,0.7506168837278407,-0.7032121575884003,-1.0316347114072089,-1.3306347860674554,-0.8769108451884277,-0.42535211030786735,-0.5409382267008084,-0.5155051284414176,-0.9609028781777077,-0.5013500147678965,0.5894305931206375,0.8774038414746649,0.3300931832443757,-0.5033740658107355,-0.8370432579307928
83,-0.15349306986398456,-0.8128432772007258,0.7506168837278407,-0.7032121575884003,-0.3966097748535535,0.1801496900131943,-0.026351376516456644,-0.5340571333925317,0.9129661529769237,-0.5155051284414176,-0.3297533878706226,-0.8967175581554323,-0.22489688609165742,-1.0922690282403074,-0.6693603573570314,-1.097880438907952,-0.11693981123283624
86,-0.6902780434056843,0.4075043620116555,-0.14921048081775823,-0.7032121575884003,-0.9178913526115542,-0.7035507965655862,-0.8769108451884277,-1.0162262453766269,0.8469781983201046,-0.5155051284414176,0.1541494897163211,-0.5013500147678965,0.12031900792774912,2.1905190879513134,2.4210392060252213,-0.5033740658107355,0.10854253837429066
88,0.9065442503520234,-1.6620877463309347,-0.9672353576773942,2.4997715611505025,2.2591971156476816,0.8146733784308308,1.8965355794565366,2.3902595710175154,0.2563478429893042,2.0885884813100724,2.9225832273876313,0.16967077749138873,-0.5078943273130411,0.07239615480909727,-0.31083594512338003,-1.097880438907952,1.0174664969399154
90,0.9912845605257768,0.9822589312862966,0.7506168837278407,-0.10133864399479245,-0.23467040275920742,-0.5691756559580426,-0.8769108451884277,2.67673709880312,-0.45419345013700135,-0.5155051284414176,1.5479649495838572,0.36571800656416087,0.12031900792774912,-0.43571140500198324,0.3300931832443757,1.2801450534809136,0.45239191884886687
92,0.024437556509099873,-0.7282106668750352,0.7506168837278407,-0.7032121575884003,-0.15263351371222364,0.19835490837211334,-0.3637363326749689,-0.04652372170389154,-0.17744812935205212,-0.5155051284414176,0.5902822895543358,-0.7992287630688857,-0.5243287861222418,0.6317274614464518,-1.2381163338412584,-0.31734963396444654,1.5335842463136389
93,-0.9652359132424702,-2.8126079244121915,-1.3489803002118905,0.0869910080933474,-0.31666236747867293,0.0219330205521631,0.14943817983848975,0.34135728776520263,-0.5191112637096771,1.4118506075104011,0.22429263761322563,-0.2300394900378174,-0.21637914944185138,0.6317274614464518,0.13449114028221473,-0.31734963396444654,-0.1593225449306674
94,1.6291186516721932,0.2635404851105257,0.7506168837278407,0.5005348695988154,-0.3782274970653781,-1.1066762183882164,0.10026236907820996,-1.0162262453766269,-0.7144277798284225,-0.5155051284414176,-1.239665970151215,0.36571800656416087,1.7622095561028572,-0.43571140500198324,-0.1926433224508356,0.0911323072864808,-0.06338215186299728
99,0.3512242084553788,-0.534764700416313,-0.6491145722319811,-0.7032121575884003,-0.8908062942549428,-0.9894899043718249,-0.8769108451884277,-1.0162262453766269,0.25229626110305503,-0.5155051284414176,-0.6330575819641534,0.990084353622655,2.071948784036561,0.3364472295861719,1.6056635485798765,0.19580786896069424,1.1924815857543016
101,-0.12204809281254117,1.6107269275804232,-0.509141426635998,0.36444908199123394,0.20464505269389333,1.2914085260971166,0.5098123671340544,2.128222200525658,-0.6669096213925567,-0.5155051284414176,-0.25067229754894826,3.19716660306997,-0.923971995823295,2.9927127189847296,2.471005221030255,-0.04328774309521555,1.7799079557653803
102,-0.618264565114264,0.2873806570332556,0.7506168837278407,-0.7032121575884003,-0.827332920859908,-1.3306347860674554,-0.8769108451884277,1.3651394110659683,-0.8747757017507857,-0.5155051284414176,0.04431422917974651,0.12922216841272158,-1.2159464373025173,0.4197801135412069,-0.636186467490896,-0.4133077377400406,0.03035436879925506
105,-0.19848065552223043,0.776369072248359,0.05075115574792981,-0.7032121575884003,-0.8902755382963076,-0.8885241027231421,-0.8769108451884277,-0.5996444604816855,0.3707994998892168,-0.5155051284414176,1.1187576505471453,0.4654991512370775,-0.4331833765861314,1.6850731873891518,1.7102273982385354,2.255260425955748,1.2365130089679788
107,-0.09979879656268162,-0.27683674513801687,0.7506168837278407,-0.7032121575884003,-1.0485992675928884,-1.1922844095681238,-0.8769108451884277,-0.712049227660112,-0.34948540571250447,-0.5155051284414176,0.19538289953858148,0.8633784602507726,-0.06566453977292204,0.25969226397253603,0.37648571336547687,3.1867756458533325,0.8979626737124596
109,0.04680468303871341,-1.1017614986573947,-0.036732060249558704,-0.7032121575884003,-0.08939816735701918,-0.004302736034515309,-0.3257646194991246,1.483264463993021,0.12617011636029662,-0.5155051284414176,1.1187576505471453,-0.7571123069876102,-0.4331833765861314,-1.0922690282403074,-0.5010304008213099,-1.097880438907952,-0.5816583259024717
110,-0.0841085888351851,1.4722372015929286,0.7506168837278407,-0.7032121575884003,-0.8592171744206353,-1.124324571659305,-0.8769108451884277,0.684749223510941,-0.8747757017507857,-0.5155051284414176,0.6863043288452274,0.6284355699169466,-0.13558464621994554,-0.3362444573495502,0.5676732652098289,1.6404103657636935,1.2181796462310648
112,-0.43230900422540836,0.546256876853016,-1.768899736999837,0.5518321586444229,0.1826718746738828,-0.3032238327754115,0.3456673153468562,2.0640439778440243,-0.7937793553689414,-0.5155051284414176,2.829328899676988,0.4396176514362323,0.20028315998555535,0.27680419846587834,2.8126632298292993,-1.097880438907952,2.0182788281182455
113,-1.3431455688066352,0.5028091196804696,0.7506168837278407,-0.7032121575884003,-0.9823478617849674,-1.2043174479690801,-0.8769108451884277,-0.5996444604816855,-0.48540334246200356,-0.5155051284414176,-0.4535247632517615,-0.7571123069876102,-1.425391343779385,-0.16648828969715426,-0.5010304008213099,-1.097880438907952,-0.7028697482271686
114,-0.15949908870089066,0.22333435732732757,0.7506168837278407,-0.7032121575884003,-1.0405646437526714,-1.1922844095681238,-0.8769108451884277,-1.0162262453766269,-0.7960401941463183,-0.5155051284414176,-0.09162687439937792,-0.029340138289518185,0.6588195144003127,1.6116535561853793,1.9910877605722122,1.3504944666699248,0.10141425840713465
118,0.07930207985194501,-0.5856715336949238,0.3162174663610002,-0.7032121575884003,-0.5166567729844389,-0.3160653584056901,-0.07204600791204795,-1.0162262453766269,1.0794899172756993,0.9959308674663815,-0.3786366483373372,1.7560970587910631,0.9003141991247242,0.25969226397253603,-0.16171496903676819,0.1263070138809863,0.8979626737124596
119,-1.0368682624211822,-1.4052715494805619,0.7506168837278407,-0.7032121575884003,-0.9687980748090935,-1.3306347860674554,-0.8769108451884277,0.5239088662336986,-0.7937793553689414,-0.5155051284414176,1.6667589368689297,-1.368418036099954,-0.2888194632217842,-1.0922690282403074,-0.14809082924136724,1.3814838383632642,0.4050179818926663
122,1.5018109361330994,0.38172520624878026,0.45067442887930725,-0.7032121575884003,-0.5089432255823323,-0.7053278212698965,-0.6820300231856441,-0.8689263149993869,-0.3691693892899574,-0.5155051284414176,-0.961692834402679,1.2254147603147487,2.4539126579589867,-0.4375719518120279,0.3256492058824127,-1.097880438907952,0.6150598362901694
123,-0.6048935829770224,-0.7282106668750352,-1.1874728245242194,-0.7032121575884003,-0.11874200885781337,0.9383855376401375,0.6461908509660008,0.32687617012990633,0.15206679234316542,1.3912918246023696,-0.5154945676963121,-0.8053002103266734,-1.1467977545414105,2.3189447837957657,0.7988328140734856,-0.3256754261742276,-0.07415095655886338
124,-0.9814769627998259,0.6259110983360199,0.7506168837278407,0.07856204242112945,0.22792552466206925,0.2984054463379958,0.39234056827359604,0.7106197174174872,-0.8619892193335428,1.3912918246023696,1.2949339384409453,-0.8053002103266734,-1.756127332843803,0.6133378777777292,0.7988328140734856,-1.097880438907952,0.8191017560892945
127,-0.46408947284691127,1.0241822057510355,-0.25718976456323006,-0.7032121575884003,-0.5605043263647884,-0.1693504228719888,-0.48714920118286054,0.014873267264052806,-0.8881631494870028,-0.5155051284414176,-0.40574656290560746,0.3608038281765146,0.11500155195743712,0.21712512461625158,0.3256492058824127,0.08776289416303971,0.272184852952013
128,0.5188607316430941,1.5021075346490547,0.7506168837278407,0.49712370260864713,-0.2372911263256376,-0.6159982548702452,-0.09738755717729354,-1.0162262453766269,-0.10967250919143473,-0.5155051284414176,-1.239665970151215,-0.07150163789260262,0.582783773157747,0.21712512461625158,1.3681595656981933,-1.097880438907952,-1.1850338262351516
129,0.902258541000702,0.32192457961517057,0.43567730613688066,1.903331248108254,2.2525153143654446,2.7429494490024795,0.18105413430637635,0.9029549184086965,1.748923738048697,1.0738761225317444,1.476632697475454,-1.368418036099954,-0.9942813959668263,-0.3814278362538947,-0.10620459402945726,-1.097880438907952,0.14983643120572696
130,-0.11716587126220368,0.30729421240400634,-0.14921048081775823,1.097291632707171,0.5423353651743911,0.8132748075241752,0.487254908831057,1.3405726406592124,-0.19617146922427564,-0.5155051284414176,-0.961692834402679,1.657720226383866,0.11500155195743712,0.21712512461625158,-0.1956059740254776,0.08776289416303971,0.1007473612829348
133,-0.005234244720717777,0.4075043620116555,-0.5525813683726822,2.0825950047300643,3.1040610083039955,1.4163697334907752,2.515267175999376,-0.5034332663517023,1.4343578694686623,1.1831850460397992,-0.2719623737928529,-0.8667585824337664,0.6865972305338677,1.1869178208014117,0.5765212960108826,-1.097880438907952,0.5408018913911122
134,2.195658139302515,1.1016836104372008,0.5406571653338669,-0.1030442274898766,-0.007103506812668888,-1.0626460868685015,-0.2922683791800771,-0.8689263149993869,-0.715165229421321,-0.5155051284414176,-0.40574656290560746,-0.5038071039617197,1.0505659943580572,-0.4375719518120279,-0.7168611539333679,-1.097880438907952,-0.4135651137242998
138,0.06186241034334504,0.546256876853016,0.33069744693989445,-0.7032121575884003,0.023805509822327712,1.3127091855829174,0.7061055646992143,-0.8452952523683186,2.337740361589352,1.1831850460397992,-0.9170981046984276,-0.3650991287675787,0.1437695497832744,-1.0922690282403074,-0.6332371238905447,-0.4099534597285396,-1.8464889062189591
139,0.3305340530031758,-1.0225849636600466,0.7506168837278407,-0.7032121575884003,-0.8072830187815802,-0.867423790783556,-0.47269556391059886,-1.0162262453766269,-0.6158356113494382,-0.5155051284414176,-1.239665970151215,-0.47174450111981553,1.1546473679610318,-1.0922690282403074,-1.2381163338412584,-1.097880438907952,-1.5754827760398316
141,-1.048655825872717,-0.5856715336949238,0.7506168837278407,-0.08078803656523986,-0.8405025276206565,-0.6821393926699961,-0.47269556391059886,-0.7107016576940575,0.10181738499137254,-0.5155051284414176,-0.9513846808495166,-0.9200812686098848,0.1843891343594203,-0.4132936416923964,0.3836387495885288,1.3613412969569965,-0.9532004339000483
142,-0.6888671618181362,0.5792172443632245,0.22571758774290823,-0.7032121575884003,-0.830798017005906,-1.1453503879538958,-0.6748032045495133,0.5113966930362203,-0.8849554849772423,-0.5155051284414176,-0.9513846808495166,-0.47174450111981553,0.1843891343594203,1.6236325179513365,2.005393833018316,-1.097880438907952,-0.24202061431172517
145,-1.1071589710027927,-0.9216566333337566,0.7506168837278407,-0.7032121575884003,-0.6433604186980233,-0.6640633118050102,-0.8769108451884277,-0.7963977256432193,-0.20012250340594898,-0.5155051284414176,0.004864617217535621,0.567083299886805,-0.3599030036032699,-0.11520754004793961,1.0956272254882424,-1.097880438907952,-0.9792203199665611
146,-1.2797404098888236,-0.34131873395759066,0.7506168837278407,-0.7032121575884003,-1.117890106831006,-1.3306347860674554,-0.8769108451884277,-0.3567406861764044,-0.7164822408152121,-0.5155051284414176,-1.239665970151215,0.567083299886805,-1.4070712505336698,0.8618539481444281,0.31771270571174226,-1.097880438907952,-1.61884808360339
148,0.4460739789714854,-1.3654444387390605,0.7506168837278407,1.088153626864237,0.22968214919289634,0.869051078998614,1.7406278232975247,0.742401912490633,-0.20012250340594898,-0.5155051284414176,0.41970814634045256,3.14775174786915,-0.3599030036032699,-0.11520754004793961,0.31771270571174226,1.5562778302773406,2.602695156399681
150,0.014620381756408344,-1.5019945327099236,0.7506168837278407,-0.7032121575884003,0.28806674734788124,0.9357082264248585,0.2864396741386622,-0.5765692059098119,-0.07103256905363325,3.8537498553372034,2.07908226283212,0.567083299886805,0.33820916101699655,-0.11520754004793961,-0.460201814064758,0.6715584072155764,1.4513651818533888
151,-0.3305424960156537,-0.4573863138328244,0.7506168837278407,-0.7032121575884003,-1.115061685351671,-1.3306347860674554,-0.8769108451884277,-1.0162262453766269,-0.9746621095198437,-0.5155051284414176,-0.4099789119053812,-0.7232509241043676,-0.01084692129313677,-1.0922690282403074,-0.460201814064758,-1.097880438907952,-0.8512947672391954
154,0.7912368567435469,0.5872219050442756,-0.08922198984805181,1.088153626864237,0.6604082627978382,1.4023082584085704,1.1589525636339795,0.0829163532904105,1.6071365775264719,1.6691223634478929,0.8345516754633693,-0.7232509241043676,0.6872652433271297,-0.11520754004793961,-0.460201814064758,0.6715584072155764,0.17210965457973096
157,-1.4523218487748544,-2.4516383680527407,-0.29918170824202567,0.1924707346379183,-0.8451622149729968,-0.5974061643787657,-0.5860732153566551,0.30274487302381803,-0.8455721751675279,-0.5155051284414176,1.2493952045862862,-1.368418036099954,-1.0580151682235364,0.8618539481444281,-0.460201814064758,-0.21316101584618777,0.30003520730709665
159,3.7227105648639913,1.2207122475408752,0.4854046078617699,-0.7032121575884003,0.0788356207926602,-0.48934473904530307,-0.8769108451884277,-0.7241747347431906,-0.631659205430002,-0.5155051284414176,-0.9640973598913114,-1.368418036099954,1.7218912242373685,-1.0922690282403074,-0.7213701197468991,1.2528941039519073,-0.9427072886345643
160,-1.4041806288748306,-2.8126079244121915,0.3800997336208291,4.11731312499973,4.5312986442892305,0.9414218674727795,3.91999307107875,-1.0162262453766269,-0.7430766910368091,-0.5155051284414176,-1.239665970151215,-1.368418036099954,0.12247689686833242,-1.0922690282403074,-1.2381163338412584,-1.097880438907952,1.0296920577762683
161,-0.7527675023051651,-0.34131873395759066,0.7506168837278407,-0.7032121575884003,-0.7100030839376678,0.7244486019200916,-0.8769108451884277,-1.0162262453766269,1.1018215337244504,-0.5155051284414176,-0.6835834948782816,-0.5035952790432948,-1.288230507574584,2.9927127189847296,1.8901809735025283,-1.097880438907952,0.44437836697066213
162,0.8367750399726637,1.6135172390966153,0.7506168837278407,-0.7032121575884003,-0.35736451554450666,-0.35650946846285797,-0.8769108451884277,0.005954041840399511,-0.631659205430002,-0.5155051284414176,-0.4129601393715047,-0.9398521023034039,0.5625517052103116,0.20579859262339725,0.31212230844181926,1.2528941039519073,0.7568379281531874
163,1.4099794403284744,0.43913568244483925,0.2752363892509204,0.486740547549468,2.0025673101897246,2.521588060823453,-0.10413059588841901,1.9042888609577344,0.9118538629742858,-0.5155051284414176,0.41374569140820555,-0.08272023471030374,-1.0605236214275688,0.20579859262339725,-1.2381163338412584,0.6652004682369423,0.24697436311686163
164,0.26357063961685245,1.6135172390966153,-0.39461794387564975,0.486740547549468,0.006124538088401361,0.5733374256142579,-0.10413059588841901,0.7360828184239897,-0.37440702736262066,-0.5155051284414176,0.41374569140820555,-0.08272023471030374,0.7944196090157228,0.20579859262339725,-0.7213701197468991,-1.097880438907952,-0.17791194108007613
165,-1.1121199212370936,-1.7130264961194386,-2.398778892181757,1.081716900118402,2.4703492234082116,1.1046785079440384,1.055039778061594,-0.5781489794264727,-0.8031606574749228,2.386865137033499,1.2404515221879158,-1.368418036099954,-0.5967878138167457,-1.0922690282403074,-0.20462390565253985,0.07750683252197772,1.5216332757076756
166,-1.0314132016581448,-2.8126079244121915,0.7506168837278407,-0.7032121575884003,-0.6088567660239379,0.497532187123648,-0.8769108451884277,-0.5524485929711023,-0.566145779775378,-0.5155051284414176,1.3859509191255612,-0.6878555481811187,-1.019715102947586,-0.061603662801737756,-0.41752360503690644,-1.097880438907952,1.0012313795627308
167,3.7227105648639913,0.6891878163365359,0.595091166398971,-0.10823580501946617,0.13083688832960344,-0.5779015861002665,-0.4905207205384233,-1.0162262453766269,-0.631659205430002,-0.5155051284414176,-0.13739152911160118,-0.08272023471030374,2.7521841150030935,0.20579859262339725,-0.20462390565253985,0.07750683252197772,1.3516787540289004
169,1.4099794403284744,0.4566458776846377,0.08758619406266159,-0.7032121575884003,0.01626377603480252,1.3703490491089285,-0.4905207205384233,-1.0162262453766269,3.4975205179321365,-0.5155051284414176,-0.4129601393715047,-1.368418036099954,0.5625517052103116,0.20579859262339725,-0.20462390565253985,-0.5101868031929871,0.5868834064744121
170,-1.4865373517934244,0.17453717659900148,-3.3226016531152394,2.131254290806996,2.1327965004872254,1.341301559365696,2.497819437623798,-0.3205597667683399,-0.9746621095198437,-0.5155051284414176,2.2611565488844865,1.3538319155753875,-1.019715102947586,-1.0922690282403074,-1.2381163338412584,0.7686339585994955,1.4060629223388466
171,0.807470031547506,1.399694964170908,0.24671355958230462,-0.7032121575884003,0.46584072170787294,2.2681914949909356,0.6550261015033957,-1.0162262453766269,2.0851530181727136,2.3612818020528805,-0.1471076761522256,-1.368418036099954,1.4614096867587505,0.19435660013639916,-1.2381163338412584,2.39719954548441,-0.45231885592263815
172,1.2274918717931056,0.17453717659900148,0.1779994699260962,2.51047136413702,4.5312986442892305,3.000851812769792,1.2101226498130095,-1.0162262453766269,3.4975205179321365,-0.5155051284414176,0.2487802480443586,-0.21099785169416374,-1.1299259229397578,-1.0922690282403074,-1.2381163338412584,2.0764664822182346,1.4886851281760913
173,0.3061322511015942,0.3181561516971432,0.7506168837278407,-0.7032121575884003,-0.88145131936087,-1.2425432769253872,-0.8769108451884277,-0.8709678087085261,-0.20696090911550252,-0.5155051284414176,-1.239665970151215,0.33683779133871417,-0.8335292843767289,0.1989776623669866,-0.21005457787631293,1.240541535451105,-1.627883715333654
175,-1.1763679746740892,0.21378708283700323,0.7506168837278407,-0.7032121575884003,-0.8083631814784182,-0.4937654492178072,-0.8769108451884277,-0.28993406203612304,-0.8893619761415835,-0.5155051284414176,-0.6914247994846324,0.33683779133871417,-0.37223026014319177,-0.44664568293666035,-0.21005457787631293,1.8251470290408693,-0.021799797693272144
176,0.5782129943888057,1.492549028071094,0.266094456664826,-0.7032121575884003,-0.835594058123542,-1.0464247849875496,-0.8769108451884277,-0.5475783490654585,-0.5159884863814767,-0.5155051284414176,-0.6500683830333731,0.9239461073436093,-0.01978788657371464,-0.3979432698972153,-0.13250303233002594,0.15952964584462548,-0.82410682099432
177,-0.45902683560205987,0.2390191654185753,-0.7314517167002056,0.7006829664897741,-0.22295717024740827,0.1843040985515216,0.2627378350615377,0.7065720220992314,-0.0641509348624189,1.1965895818679408,0.7110137163060098,-0.8627999369896387,-1.4825717384263513,-0.3265449806433177,-1.2381163338412584,-0.4045249584173031,-0.23612335488038652
178,-1.0053102563153564,0.43246513187729757,0.7506168837278407,1.0723376686981179,-0.3617974919968067,-0.2735366763626366,-0.3003711930333828,-0.43519249870422383,-0.29226104249376267,-0.5155051284414176,0.6791781271818241,-0.5157901223806199,-0.8335292843767289,-1.0922690282403074,-0.7240854558587856,-0.5132749453181877,-0.6980456577523804
179,-0.6481963962031325,-1.381924622494165,-2.398778892181757,-0.7032121575884003,0.4458373085384281,0.18515188635870833,2.0165660184401686,0.23350147811982205,-0.9746621095198437,1.0369489988924507,0.23432799764338946,-0.9099452074112413,-1.756127332843803,-0.3979432698972153,-0.6853096830856421,-0.46917539653166324,0.9940388634336761
181,0.6482476878190594,0.29376802385028955,0.7506168837278407,-0.7032121575884003,-0.9192894826412256,-1.2425432769253872,-0.8769108451884277,-1.0162262453766269,-0.9746621095198437,-0.5155051284414176,-1.239665970151215,0.33683779133871417,0.7810173004406509,-1.0922690282403074,-1.2381163338412584,1.240541535451105,-0.6135149252449917
183,-0.4351178617862475,-2.623981138170511,0.05075115574792981,-0.7032121575884003,-0.7075324664405325,0.12287511477667042,-0.684730961136746,-1.0162262453766269,0.04893949101927791,-0.5155051284414176,-0.14318362881804989,2.042093618777382,0.5503677883238823,-0.44664568293666035,-1.2381163338412584,0.6559360418613408,0.6544460623658361
184,-0.8647835648998559,-1.5524586978730686,-1.1874728245242194,0.7006829664897741,-0.29405172141562186,-0.0246529889821304,-0.4210513730884415,0.5342921953516456,-0.8734942012245743,-0.5155051284414176,-0.26432612692260254,-0.3571818378793235,-0.6619049551739958,-0.3265449806433177,-0.6284639609186927,-0.4045249584173031,-0.33637873615296693
186,-0.5491563406920693,0.5291881151066583,-0.5991241630905577,-0.7032121575884003,-0.6085376875798392,0.2550123784897727,-0.3003711930333828,-0.8709678087085261,1.41374162507144,-0.5155051284414176,-0.41730421415134106,-0.5157901223806199,-0.8335292843767289,-1.0922690282403074,-0.21005457787631293,-0.5132749453181877,-1.627883715333654
187,3.7227105648639913,0.9445279842680324,0.7506168837278407,-0.7032121575884003,0.36751859242677026,-0.04123699257293437,-0.07321309022694795,-1.0162262453766269,0.6306040563195439,0.9937392321268425,-1.239665970151215,0.41443021426489196,1.619895792317142,-0.4172685778397326,-0.7006960613528372,-0.48667426993934026,-0.6979575469685892
188,-1.4982236462234948,-0.18656196079061357,0.7506168837278407,1.771908857722035,0.12614068139618914,0.0508628498195314,1.1323335422152714,0.04684958083185679,-0.8854806558621,0.9937392321268425,-0.3798851711296856,-1.368418036099954,-1.2738383149636683,-0.4172685778397326,-0.7006960613528372,0.12453189902927135,-0.4328264162703537
189,0.5524894732950049,0.6800759689444614,0.7506168837278407,-0.08443190376079147,-0.39021098212900696,-0.639885968123962,-0.8769108451884277,0.8061894566950591,-0.8854806558621,-0.5155051284414176,-1.239665970151215,0.41443021426489196,0.1730287386767369,0.2577318725608422,-0.16327578886441607,0.12453189902927135,-0.4328264162703537
190,0.8635479266820802,0.9202853951210312,0.7506168837278407,-0.7032121575884003,-0.7221503003331758,-0.7373612754302852,-0.8769108451884277,-1.0162262453766269,0.27873640127047655,-0.5155051284414176,-1.239665970151215,-1.368418036099954,1.3506021831548851,-0.301704282045259,-0.6086863518793966,-1.097880438907952,-0.8826208272923375
191,0.7909443717566553,0.7300743110445621,0.15073197403077382,0.5343483500668174,0.6054932099220711,1.8007598552763813,-0.07321309022694795,0.19871755600449725,1.4332371392392376,-0.5155051284414176,-0.3798851711296856,-0.476993910917531,-1.2738383149636683,0.2577318725608422,-0.7006960613528372,-0.48667426993934026,-0.4328264162703537
192,0.43326202406417985,0.8463495252308422,0.009582583513817565,1.1531286038944262,0.3021802450994533,0.18901261340822997,0.5295602259941619,0.8061894566950591,-0.17202902660014993,0.9937392321268425,0.47989562789184376,-0.03128184832631964,0.1730287386767369,-1.0922690282403074,-1.2381163338412584,0.12453189902927135,0.981206280786902
194,0.16534825818768026,1.2183393706158558,0.12073772854592062,0.7462264436078712,1.8002407912051752,0.8267234344313458,2.417624572559183,1.2960671364891798,-0.13906310232629687,-0.5155051284414176,2.788256611283865,0.19764422398913598,-1.1912674208440415,0.4888604641497893,-0.6086863518793966,0.33381653124004557,2.947165766284675
195,0.23516822503712026,-0.34131873395759066,-0.874877710290016,0.7462264436078712,0.39575533616101344,1.6357327671183963,1.7116526973275523,-0.48262008033067144,2.0543842915567634,1.252131299283755,0.4386351054467351,-0.846397282736924,-1.1912674208440415,-1.0922690282403074,-1.2381163338412584,0.33381653124004557,0.4629798677482344
196,3.7227105648639913,1.1601059231440507,0.7506168837278407,-0.7032121575884003,-0.023896109351624093,-1.0082853376938252,0.12771134851342192,-1.0162262453766269,-0.5287548412311249,-0.5155051284414176,-1.239665970151215,-0.476993910917531,1.3787512833770745,1.6077327733619917,1.4489850286008472,0.12453189902927135,1.1579603679190593
201,-0.044111642360639754,-0.902936055934526,0.24671355958230462,-0.7032121575884003,0.22886878738201982,2.1211383667306265,1.0056808220959215,-1.0162262453766269,1.9499344156575702,-0.5155051284414176,0.4386351054467351,0.719664977352166,-0.9088374648441608,-1.0922690282403074,0.020743630082465235,-0.3820319538339532,-0.46858984420293076
205,-0.9998776829294683,-1.4409063327755898,-1.5398527714791388,3.32578462745693,1.394054143262899,0.4684043717292918,2.175690025099761,-0.35699859017699365,-0.7811029324936904,1.1223247362974462,0.9374108385934582,-0.4010458248678584,0.3373901320741919,-0.35975948554306664,-0.6549086073825552,0.2286797168941275,1.194013246940042
206,-0.5100001956687471,0.25660516236936803,0.7506168837278407,-0.7032121575884003,-0.8067459508087281,-1.3306347860674554,-0.8769108451884277,0.8552308922733332,-0.9746621095198437,-0.5155051284414176,-0.15299814445549845,-0.10092386013035601,0.07255257840740889,0.8272642567366962,1.309032833369769,0.6402377869721676,-0.2965775525321576
207,-0.007620604789920201,-0.8128432772007258,0.7506168837278407,-0.7032121575884003,-0.7879496906994788,-0.9925388906964412,0.10653966899545657,-0.8303919098324681,-0.21076943793082606,-0.5155051284414176,-1.239665970151215,0.2677782370411679,1.4897329278110965,1.385638378826975,0.07711999735121236,-1.097880438907952,-0.4793884585698484
208,-0.4534913303423959,0.2990541205264549,-0.29918170824202567,0.46989253451833823,-0.546507974262417,-0.3703016771566095,-0.305531748035851,0.4233561682002655,-0.6365156315491823,-0.5155051284414176,-0.15299814445549845,0.32157419852617675,0.7583075451266135,0.8272642567366962,-0.21925666695684737,0.060865045012127784,0.2898411856903818
209,0.8866880758725585,-0.0511497842695077,0.7506168837278407,-0.7032121575884003,0.3048981931901333,1.6315299608765161,0.15704756129834,-0.6254694748456417,0.8610511424909949,-0.5155051284414176,0.9725526889063263,0.9252189991849207,1.3462005094015266,0.6445092214575019,1.5274517177078966,2.0473902930325996,2.3604244451420766
210,-1.4982236462234948,-1.7698427939604617,-2.398778892181757,-0.03171269341417862,-0.8314164816934082,-0.43111520716908186,-0.8769108451884277,-0.5218055039769018,-0.20042540141523038,-0.5155051284414176,-0.3066330521177836,-0.4010458248678584,-1.2327479666143044,-1.0922690282403074,-1.2381163338412584,-1.097880438907952,-1.587279423522668
211,-0.057929273057937485,-0.9365370922921198,0.7506168837278407,-0.11665981153503105,-0.8965162702435238,-1.1123772613149905,-0.49599144708670984,-0.8722680040189376,-0.8901254900271784,-0.5155051284414176,-0.9679990137272858,0.7440722571827093,2.7521841150030935,-0.45242459991463946,2.3278925002541797,0.060865045012127784,1.2113563457543728
214,-0.9055622529532056,-1.4573531558348338,-1.2384751852676952,-0.7032121575884003,-0.9103254111737968,-0.7631652217110465,-0.8769108451884277,-1.0162262453766269,0.29338718287013593,-0.5155051284414176,-1.239665970151215,2.0115664331523075,-0.8417873772181971,1.4671086850623642,0.7996029999275636,2.3783560128522874,-0.04525523615106945
215,-1.1315977142586104,-0.6051086882194849,-2.8486925744545566,-0.11665981153503105,-0.2454749714305823,-0.28299866725562356,0.6467667472184434,-0.008518555872802118,-0.6365156315491823,0.9151333170862246,0.3903357683923597,-0.10092386013035601,-0.15603241049899264,-0.45242459991463946,-0.7286865003990528,2.3783560128522874,0.7924858184525585
216,-0.4534913303423959,-1.1650241395237622,0.7506168837278407,-0.7032121575884003,-0.9566034787110463,-0.9814227464635115,-0.8769108451884277,-1.0162262453766269,0.20885056337747068,-0.5155051284414176,-0.15299814445549845,-0.5234219187868887,1.444062511845818,0.8272642567366962,-0.21925666695684737,-0.5185076969479121,0.5411635020714703
217,-0.16157390897697407,-0.20739460333232201,-0.509141426635998,-0.7032121575884003,-0.1889550355839947,-0.0174774425137489,-0.2738001445962157,0.3513505632700289,0.631502556139026,-0.5155051284414176,-0.8095349523214591,-0.699475731179196,-0.3084504385587903,-1.0922690282403074,-1.2381163338412584,2.5714092013559706,-1.5811343856841678
218,0.3862875947736895,0.8463495252308422,0.7506168837278407,-0.06847501067421627,0.9818794648698288,-0.9999727006107946,0.3597240105863363,-1.0162262453766269,-0.7916996406879073,-0.5155051284414176,-0.6516976157779635,-0.45400617113051994,0.7175032759519907,0.2925452330512784,-0.1355581693133404,-0.470912694756942,-0.7384748154979995
219,-1.226616466226883,-1.5019945327099236,0.7506168837278407,-0.7032121575884003,-0.5615658889889845,0.1307204325097449,-0.8769108451884277,-0.2129926665120514,0.2045453255635439,-0.5155051284414176,-0.48176555538630544,-1.368418036099954,-1.1184176158370347,-1.0922690282403074,-1.2381163338412584,2.1348045163413163,-1.4736814338656785
220,-1.203639000938714,-0.5856715336949238,-2.8486925744545566,0.5662621362399678,0.20697996248419503,-0.4803608520360417,0.3597240105863363,0.2300481103085733,-0.8831808751038756,1.0326591083739176,0.2302549157819138,-0.911212103615237,-0.024585906686747535,0.2925452330512784,0.41572091295061847,0.15605504939406795,0.07742990875527883
221,-0.5309777489065433,0.9644415396387832,0.7506168837278407,-0.7032121575884003,-0.7441581603678423,-0.3858859704769957,-0.8769108451884277,-0.23730477307337677,-0.7916996406879073,-0.5155051284414176,-0.35771343859133775,-0.45400617113051994,-0.024585906686747535,1.6773594943428642,0.9669999952145776,-0.470912694756942,-0.013226171717307651
222,0.10965416503257304,-0.23580275225283315,0.7506168837278407,-0.7032121575884003,0.17819909173674633,1.6018956499281085,1.1433807380443786,-0.25271137897364726,1.1176796506349915,-0.5155051284414176,-0.2791014898598091,-0.621480253382937,-0.9478927799132649,-1.0922690282403074,-1.2381163338412584,0.9506752047434979,-1.4574130809641006
223,-1.081336955114683,-0.0511497842695077,-0.39461794387564975,-0.7032121575884003,-0.9603721063271315,-0.9527352598312716,-0.8769108451884277,0.5416166992298733,-0.5172559374400026,-0.5155051284414176,-0.9456817929645892,0.0031997613541970317,-0.7666750893254856,-1.0922690282403074,-0.6868372515772994,-0.470912694756942,-1.898174265158613
224,-0.4383702063117851,0.6259110983360199,-1.768899736999837,-0.7032121575884003,-0.06238804534477557,1.3485164479907452,-0.8769108451884277,-0.2129926665120514,0.44038681258022133,-0.5155051284414176,1.791935688908423,-1.368418036099954,-1.1184176158370347,-1.0922690282403074,-1.2381163338412584,0.5184620387166821,-0.5388245766203686
225,-1.4887856178127272,-1.6309585103490711,-1.768899736999837,-0.7032121575884003,-0.9981279386323224,-0.7904318110156411,-0.8769108451884277,-0.761721289908967,-0.5263031609152362,-0.5155051284414176,-0.2791014898598091,-1.368418036099954,-0.5437755034479959,-1.0922690282403074,-1.2381163338412584,-1.097880438907952,-1.3093081529068236
226,0.8143447551577978,0.38694843388701017,0.3688719411933444,-0.7032121575884003,-0.9197080088077856,-1.2361599045084095,-0.8769108451884277,-0.7046576564553269,-0.7916996406879073,-0.5155051284414176,-0.9456817929645892,-0.911212103615237,1.2122293977111493,0.2925452330512784,-0.1355581693133404,0.15605504939406795,-1.010443056915759
228,0.3862875947736895,-0.0511497842695077,0.7506168837278407,-0.06847501067421627,-0.03243542404949606,-0.5748357335950877,-0.05248760800525162,-1.0162262453766269,1.7697749229592024,-0.5155051284414176,-1.239665970151215,0.4604056938389142,1.2122293977111493,-0.39986189759451446,-0.1355581693133404,0.15605504939406795,-1.1010991373883454
229,-0.7815393783456109,-0.34131873395759066,-3.257705012884375,-0.7032121575884003,-0.2827666188037314,0.18267764609321466,0.40106318612987746,0.11071755145058468,-0.5965047532376481,1.0844123262757734,1.1908276702862748,0.04905124988601459,-0.22233471830461393,0.3388378630668428,-0.09870101192565826,0.19797256371054492,0.8241517408350588
230,0.9977978238938445,0.2613398538561201,0.7506168837278407,-0.7032121575884003,-0.3049915117278572,0.322675641215849,-0.8769108451884277,-0.8604419509159769,2.7760685015348523,-0.5155051284414176,-0.6516976157779635,-0.45400617113051994,0.7175032759519907,0.9849523636970711,1.5182790774785364,2.036958281847098,-0.19453833266248063
231,1.4303768689297165,0.9952170343026707,0.7506168837278407,-0.7032121575884003,-0.48437251332856207,-0.8919841718256172,-0.8769108451884277,-0.8715637164023262,-0.1251601253742229,-0.5155051284414176,-0.6936739021126933,-1.368418036099954,1.230015520081171,-0.44929428585149506,-0.21427209476644052,0.6487411913701985,-0.3692857492829991
232,0.11261614245562558,1.399694964170908,-1.1874728245242194,4.28901990541893,4.5312986442892305,2.9738428648247353,3.5053791676676727,1.3497289616229382,0.6925701643770279,4.187006443813344,1.4392435972026558,0.020333969201253917,-1.756127332843803,-1.0922690282403074,-1.2381163338412584,-1.097880438907952,0.662135419682149
233,0.11261614245562558,0.6259110983360199,0.7506168837278407,4.28901990541893,4.5312986442892305,3.000851812769792,3.91999307107875,0.40334687882311215,-0.6967900638703651,4.187006443813344,2.9225832273876313,-1.368418036099954,-0.2534086565263489,-1.0922690282403074,-1.2381163338412584,-1.097880438907952,3.0115773604701204
235,-0.5003241446167431,0.7490130769915702,-0.3448251252841939,-0.7032121575884003,-0.48725961187367806,0.029182118082242765,-0.6855193592093598,0.14107398641777763,-0.7198115142761575,-0.5155051284414176,-0.6936739021126933,-0.09472289210071526,0.540905630944639,1.4796299413149419,0.8095721443083773,-0.515673228815235,-0.2851017953519133
236,0.6353823339399977,1.3782009678977165,0.7506168837278407,-0.7032121575884003,-0.8593447088105807,-1.1113094789465363,-0.8769108451884277,-1.0162262453766269,-0.6348613158615954,-0.5155051284414176,-0.42067786809343255,-0.09472289210071526,0.7706089273234832,-1.0922690282403074,-0.21427209476644052,0.06653398127748181,-0.9585734268005996
237,0.047675699564476766,0.5291881151066583,-0.6491145722319811,1.8436825920893305,0.7986247617726835,1.9547446321228827,0.2257604072620664,1.4841234100546574,0.6159753156936829,-0.5155051284414176,-0.8464602886051733,0.4661293740018694,1.2215194808706784,-0.16617014659851032,0.23656212904805424,0.5792661443231768,-0.5809502059448762
238,0.23788506644513824,1.0969099731920382,-0.012873001341151985,-0.113790218589718,0.41558869549162264,0.5994279165966325,0.08004658470691134,2.311011921032286,-0.6348613158615954,-0.5155051284414176,-0.14768183407417165,0.32984215589903115,-0.1482042581918938,-0.44929428585149506,-0.7261942143038495,-0.515673228815235,-0.20091784142082747
239,-0.44306356140110725,-0.0511497842695077,0.7506168837278407,-0.7032121575884003,0.08950314578796599,0.7543175370148747,-0.049907405850557154,0.025586111053074886,-0.48523520945414317,-0.5155051284414176,1.9059794822171174,0.4661293740018694,-1.4252776868755272,0.7599287350432867,-0.500777102396602,-0.2593071472923876,0.26782132913406953
240,0.23788506644513824,0.09056063302002151,-0.5525813683726822,0.47563172040896434,0.6224832721144352,1.9153797593221469,0.8456125286231825,0.7197241023149797,0.4694912635277116,0.9221324366331884,1.4902943700413935,-0.5192879401004614,-0.37790755457073805,0.19368045653731725,-0.21427209476644052,-1.097880438907952,0.47255379002785924
242,1.0475370545261875,-0.31608665137601866,-0.11818195100584174,-0.7032121575884003,-0.08296756296062796,0.7315158724390445,-0.3905567967694597,-0.8324218136871414,2.5872095148934076,-0.5155051284414176,-0.5459427061910251,0.7893470165675764,1.1624227676881316,-1.0922690282403074,-0.5876814567656193,0.3815941166021826,-1.1447854358817116
243,0.028780190377452317,-0.8055890534585238,-1.901505874932873,1.119237628234415,3.1647017283136383,2.1052639335829184,2.6737005204836146,1.9656805744212724,-0.7120022716976713,2.4478754304973704,1.573946999951187,-0.49326852706353,-0.335675545794339,0.23308507892285824,-0.7105076744747475,-0.4978329827282668,1.6091616991065467
244,0.1817376578036013,0.12295158554334244,-0.2184279703981887,-0.7032121575884003,-0.3654314691354672,0.5643144676952745,-0.8769108451884277,-1.0162262453766269,1.5078544771924223,-0.5155051284414176,-0.19908107421093038,1.3287882797344592,0.5787127475817446,-0.27532211079450497,0.06275342031001958,-0.35814316115288464,-1.251747369420326
246,0.895587543752072,0.5175813571191348,0.7506168837278407,-0.7032121575884003,-0.7790603001724037,-1.1954496361387514,-0.8769108451884277,-1.0162262453766269,-0.18925306622045393,-0.5155051284414176,-0.11789209999499159,0.8123186673595179,1.0755089217879197,-1.0922690282403074,-1.2381163338412584,0.09829964049291877,0.38456581915109234
247,-0.5785912954608522,-0.6198809256581502,0.7506168837278407,0.7123141453334253,0.1080551779060885,0.6709039050156022,-0.41727460731966737,0.026016677366553897,0.04539866815091584,-0.5155051284414176,1.7105954390497595,0.16100329940173952,-1.204483363763737,-1.0922690282403074,-1.2381163338412584,0.9994192163365142,0.4914132006348224
248,-0.5424723649884959,-2.0823324320860896,0.7506168837278407,-0.7032121575884003,0.14609608759214013,0.5819164625027454,-0.2808523004631544,0.33535952745335923,-0.9746621095198437,-0.5155051284414176,2.9225832273876313,-0.04617727205874695,-1.0407527075945568,-1.0922690282403074,-1.2381163338412584,0.7153119327442561,1.2904118562675047
249,-0.0331000992807985,0.25660516236936803,0.7506168837278407,-0.7032121575884003,-0.4996023293908983,-0.27719336970795155,-0.41727460731966737,-0.6688119377955666,1.1674655235887514,-0.5155051284414176,-0.2562455004175567,1.180617523069535,-0.6528393946836709,-0.32020100722982425,0.6059935744624261,-0.3987805538264632,-0.5194467045448996
250,0.2539086078163096,-0.0983865900326841,0.7506168837278407,-0.7032121575884003,-0.48925163213718315,-0.8800176196384422,-0.8769108451884277,0.6184724979108165,-0.8873944380421338,-0.5155051284414176,-0.959222502612159,2.556908030127095,2.7272967369897576,0.22876163759586815,0.8654338489117258,0.09829964049291877,1.5088126254212153
251,-0.4461047768408861,0.5028091196804696,0.7506168837278407,0.5077910206095794,-0.6146942707692654,-1.1053262028529487,0.1061527399337547,-1.0162262453766269,-0.8001267665644237,-0.5155051284414176,-0.6787790350731032,-0.4961233547161653,0.8395392339019428,-0.4317536953222196,-0.18634124246476627,1.2944797198937894,-0.3072783693228295
252,-0.09609808451228839,0.15196848051215064,0.7506168837278407,0.5077910206095794,-0.30040741178393393,-0.02384500342331689,-0.6802981281639912,0.7670814745733112,-0.6255914236090038,-0.5155051284414176,0.16255136754406432,0.37617132666762343,0.36759985812998897,-0.4317536953222196,-1.2381163338412584,0.09829964049291877,0.21160477203261197
253,-0.562773674283752,0.2390191654185753,0.7506168837278407,1.1132926097085691,1.7966875217228349,0.2465252964340911,2.2688926272025554,0.9156904512358063,-0.9746621095198437,0.9613517250375677,1.2843252377002874,-0.9322706954080597,0.13163017024401222,-0.4317536953222196,0.8654338489117258,-1.097880438907952,1.5952931489804558
254,-0.7961114691694839,-0.7282106668750352,-0.6491145722319811,-0.7032121575884003,-0.2303776683449849,-0.3392770199236262,0.302765456958191,-0.12457238540165778,0.247085291168096,-0.5155051284414176,-0.3983355675340475,-0.059976014024271065,-1.0482182691858724,-0.4317536953222196,-0.7122287881530123,-0.49979039920751656,0.03864372491413161
257,0.2539086078163096,-0.7897616562028104,-0.08922198984805181,-0.7032121575884003,-0.6486595545792802,-0.42940045320942877,-0.6802981281639912,-0.8676172687141319,1.9051710492445857,-0.5155051284414176,-0.6787790350731032,-0.059976014024271065,0.13163017024401222,-0.4317536953222196,-0.7122287881530123,-0.49979039920751656,0.12512424847337178
258,-0.9209561163240341,-1.3654444387390605,-0.2184279703981887,0.2003256215006066,-0.22483870185659457,0.4848914338180585,-0.8769108451884277,0.5360682324675646,-0.5839960592924421,-0.5155051284414176,0.43426039028866226,-1.368418036099954,-0.3476585092221647,-0.10663898580374212,0.33135688847937056,0.6870758878634418,0.7129805138560172
260,3.590397512748884,0.6398711165340719,0.7506168837278407,-0.7032121575884003,-0.1942515595616715,-0.4938585787470989,0.34009297327407323,-0.8629149584354887,-0.3444590406236362,-0.5155051284414176,-0.0823967421881155,-0.9184700477675327,2.138853155292796,-1.0922690282403074,-0.15306079781011478,-0.4808655333992774,0.9264256888490058
263,-0.44975295606312815,-0.12637877122567773,0.7506168837278407,2.2146758621104774,1.3059362234297576,1.6008985316618511,2.912964536507781,-0.12105032753045343,0.07668646534821608,4.187006443813344,-0.5639430250201471,-0.3175297121550693,-0.903280943556279,-0.2965197637268084,-1.2381163338412584,-0.377337424256251,-0.3501484301306655
266,-1.4336427962145337,-1.8115080790438787,-2.398778892181757,1.485203857185758,1.3503930551758672,0.1351318727971978,0.5442924229476505,0.0579848560387813,-0.8695272520330377,1.2637234471552725,1.1253643378075224,-0.8429738741275117,-1.756127332843803,0.49922950078669054,0.028999225306940914,-0.377337424256251,-0.6627080767613452
268,3.229315849689087,1.0772850200730373,0.573186135789272,0.546109787215736,-0.13674273248292668,-0.9587342494806302,0.34009297327407323,-0.8629149584354887,0.19571501843025585,1.008082678430584,0.20692056480265925,0.43137391722973123,1.6519805942757209,0.9519773828767174,1.4745225062366003,-1.097880438907952,1.3725104631329212
269,1.3071931870643818,0.29376802385028955,0.164682785884195,0.7557318522610386,1.7115565052090616,1.4923232235978026,0.7811596343036636,0.5950904067464852,1.9691139001107238,-0.5155051284414176,0.11177992011092072,0.20791444981737298,-1.1875630733187867,0.49922950078669054,-0.6045585542671587,-1.097880438907952,-0.03758878349998577
270,0.8822850398004032,1.2277429939853775,-0.27080877332392006,-0.7032121575884003,-0.19998052502139763,-0.4473710116737458,-0.2684089359571772,0.5168866240347534,-0.7946040898352129,-0.5155051284414176,0.49623787179343415,0.8813219055621524,1.4085443137671831,-0.41085355786796574,-0.6955885658256865,-0.4808655333992774,0.7479917791354395
274,2.8682341866292895,0.9285971399714319,0.3162174663610002,-0.7032121575884003,0.23296060252628603,0.34291762857325775,-0.2684089359571772,-0.7096036714943507,3.4975205179321365,-0.5155051284414176,0.785555178784209,2.2311658705594164,-0.5389459303011159,2.9927127189847296,2.559578042267744,0.13614937210939718,1.6401613277032703
275,0.82210476262377,0.906955238285484,-0.42125131195945215,1.170770759617804,1.7690186014853906,0.9007684334534954,2.368432670711575,2.663244641210686,-0.524517060308267,1.008082678430584,1.0748724857749838,-0.018574071102690142,1.4085443137671831,-0.41085355786796574,-0.6955885658256865,-0.4808655333992774,1.9078121922736193
276,0.8822850398004032,1.04256394917019,0.48258320067170435,-0.7032121575884003,-0.3825453962042917,0.06399222613313878,-0.6740768754446774,-1.0162262453766269,3.256701353068978,-0.5155051284414176,-0.3717140491788904,-0.9184700477675327,0.4347991917330339,-0.41085355786796574,0.9319947382210287,-0.4808655333992774,-0.768696453429872
277,0.5341368840882772,0.1965554166837342,0.3162174663610002,-0.7032121575884003,-0.2392098820153416,0.5694331050533915,-0.40317642247640156,-0.47912069466892276,1.9691139001107238,-0.5155051284414176,-0.9018044975856809,0.20791444981737298,0.5181297052562615,0.49922950078669054,1.2961147844551402,0.34320559039544996,0.06659776537690748
278,0.23320863156333016,0.8463495252308422,0.7506168837278407,-0.10228210485199019,-0.7471319157009579,-1.241191784608429,-0.4866542627541649,-0.7212522872874854,-0.6282269069214863,-0.5155051284414176,-1.239665970151215,-0.5027091786456529,0.8199419540456372,-1.0922690282403074,-0.7161992385713489,-0.5043059783799112,-0.8398729957836695
280,-0.2701695986152771,-1.1017614986573947,0.7506168837278407,1.3278524873821929,1.1945191513710345,1.0374257192785852,1.980957128163569,-0.18541521790656187,0.0010924570428129457,-0.5155051284414176,2.836725508208933,-1.368418036099954,-0.7007605670012327,1.1233310037054176,-0.06210884901957389,-1.097880438907952,1.8057328254888316
281,-1.1562479371112417,-2.0823324320860896,-3.1255625327762795,1.7005080533572403,1.3623358555916256,1.173769254785283,2.050013523068542,-0.426278329198344,-0.9746621095198437,0.950201457342894,1.821921346035045,-0.5027091786456529,-1.521939215853854,1.5298447431492064,-0.1942821433014396,-1.097880438907952,1.9066100665228396
285,0.36740375897785243,0.2390191654185753,0.7506168837278407,-0.7032121575884003,-0.9334624079901739,-1.2280500192768753,-0.8769108451884277,-1.0162262453766269,-0.27932313048255886,-0.5155051284414176,-0.6012254077682515,1.6103015887498018,1.7356353391420822,-1.0922690282403074,0.5576891275890873,-1.097880438907952,-0.18129867304942895
286,-0.37784485782118715,0.5792172443632245,0.24671355958230462,1.5624170034168727,0.03123456960816671,0.5802694943452547,0.3492117423616467,-0.08946613669077784,0.8756909106493985,-0.5155051284414176,0.8590267814743997,0.26353165875858614,-0.5788778907004338,-0.2684436100570394,0.7296178230479607,-1.097880438907952,-0.2692768929331581
287,-0.11415551060531282,0.6971806649260747,0.24671355958230462,-0.7032121575884003,-0.5971728621775296,-0.43620477147719167,-0.4866542627541649,0.016182607935368017,-0.8880533088702542,-0.5155051284414176,0.15196462811526704,2.0944173937172508,0.8199419540456372,-0.4367405853929289,-0.1942821433014396,-0.5043059783799112,0.19005815258127137
288,-0.4658437942160798,-0.9990350199172461,-1.3489803002118905,2.004874035705724,2.3579516668544436,0.9870414532073929,3.0801371179143358,0.47923360406948995,-0.877086652863578,4.187006443813344,1.5824512071750407,-0.8807543318117342,-0.17307718407994752,-1.0922690282403074,-1.2381163338412584,-1.097880438907952,2.772686158295603
291,0.7082013793887355,-0.6652282591908001,0.3162174663610002,-0.7032121575884003,-0.5377196537266158,-0.1717966664300313,-0.4372388492881205,-1.0162262453766269,2.1477525034806577,-0.5155051284414176,0.01460833088267664,1.5575641896293646,1.1461312732232656,0.3847976597235094,-0.06210884901957389,0.9083232705690499,1.3222561590854462
293,-0.7919674535507507,0.7300743110445621,-2.5645365645980522,-0.7032121575884003,-0.2841704911145758,-0.02064386821645411,-0.21740285133796697,0.8115580150575161,-0.6819357395510467,-0.5155051284414176,-0.2989602443757963,1.069900485341145,-0.17307718407994752,1.1233310037054176,0.5258948933912682,-1.097880438907952,0.16191215971732062
294,-0.8088837949425988,-0.5198842414579498,0.7506168837278407,-0.10228210485199019,-0.5429979810508294,0.32406074092453235,-0.4866542627541649,-1.0162262453766269,0.23786109957440707,-0.5155051284414176,-0.6830137308446221,-1.368418036099954,0.5857538370556884,-0.4367405853929289,-1.2381163338412584,0.08926848214812942,-0.15325223020704215
296,2.7266983500568136,1.1395434920367644,0.5680432155591689,0.47343368578977413,-0.07915149329209706,-0.9365853377742811,0.8424007665920352,-1.0162262453766269,-0.8898703065302462,0.9194518635760927,-0.69469194147291,-0.9446446185196548,1.4537226525081213,-0.45049315600674955,-0.7271487279269628,0.06436285136416382,0.4667460217582373
298,-1.1841832740540765,0.43246513187729757,-0.14921048081775823,-0.7032121575884003,-0.6084671019907435,-0.7614522496439813,-0.11277235106377745,-0.294262266145757,-0.6354948975614537,-0.5155051284414176,1.4852041732403094,-0.09709778335905622,-0.6097523380752587,-1.0922690282403074,-0.21618112201266754,-0.516758793771894,0.21466506009494912
299,1.0926719181160989,1.0772850200730373,0.7506168837278407,-0.7032121575884003,-0.6774659746351085,-0.8120432197867743,-0.8769108451884277,-0.8261970841080077,1.815109206656618,-0.5155051284414176,-0.1638405768963613,-0.2529980230889055,0.054306580941706505,2.2861856933623677,0.7792712723403559,1.196487327290501,0.6752768377793895
301,0.5780230817364643,0.11811543638187441,0.05075115574792981,-0.05376669985980698,1.250814408071891,0.26432254302260555,-0.45514734100603854,1.3746863453260891,0.8973591656707094,-0.5155051284414176,0.5651128058772676,-1.368418036099954,-1.2499372758128289,-0.3838172414133496,-0.11000937599995057,-0.4563844187667724,-0.2305759884887047
302,1.253032810536768,1.2062489977121857,0.7506168837278407,-0.7032121575884003,-0.31415346651245557,-0.4549693454159568,-0.30380697459494005,-0.438655061991931,-0.6354948975614537,-0.5155051284414176,-0.14971791279460522,3.19716660306997,0.9951726546007033,-0.45049315600674955,0.8057540898159232,0.06436285136416382,1.0549349323059096
304,-0.2860021105715313,-1.1650241395237622,-3.1255625327762795,-0.01065476728836735,0.6354407848928664,0.7309832471460181,2.046537589130647,-0.5063006882578488,-0.4755893415515765,-0.5155051284414176,2.6095037001292987,-0.37070946028812,-0.6765427096199093,-0.33678831034557133,-0.03512260834139361,0.9543603042207647,3.0115773604701204
309,3.703440334933804,1.1016836104372008,0.7506168837278407,0.0710543888034503,0.24584631742834875,-0.6968006495021785,-0.3740859075569548,-1.0162262453766269,1.2571549434213256,-0.5155051284414176,-0.8810575057329304,-0.2529980230889055,1.2612625234653794,1.441572012961699,0.7792712723403559,1.9612765826899852,1.3387827064197304
310,0.5705182347525578,1.1016836104372008,-0.39461794387564975,-0.7032121575884003,-0.28532883508345036,-0.351072938648391,-0.3740859075569548,0.6940362060409443,-0.5282986989316099,1.372980180341758,1.2705932807767766,0.30471198341661887,0.9595235378344612,2.2861856933623677,0.7792712723403559,1.196487327290501,2.3340415093802425
312,-0.6975692819874705,0.43246513187729757,-1.3489803002118905,-0.7032121575884003,-0.7973957510634614,-0.6391793643598807,-0.6254983763726911,-1.0162262453766269,0.8107915328330917,-0.5155051284414176,-0.1638405768963613,-0.8107080295944298,-0.2474324046892118,0.5969583325610301,-0.565653798447387,-1.097880438907952,0.011770969139048305
315,0.7942983847655039,-0.0511497842695077,-0.27080877332392006,-0.7032121575884003,0.03051029080879642,1.492808185905142,-0.6254983763726911,-0.6361679228393888,3.042608585774261,-0.5155051284414176,0.9119848163584924,-0.2529980230889055,-1.1526493615819664,-1.0922690282403074,-1.2381163338412584,-1.097880438907952,0.34352390345921874
316,-0.1639678087079021,0.5872219050442756,0.7506168837278407,-0.06844665660770603,0.11078233816659908,-1.141676582456828,-0.46468081287124213,-1.0162262453766269,-0.5172355048481992,-0.5155051284414176,-0.9456686605255105,1.3749401006902746,-0.2718826684812854,0.29260709348572733,-0.13550891741800009,-0.4708846877540372,-0.3757492521509427
317,-1.1977255496768906,-1.3437205601527868,-1.768899736999837,-0.16757772971907559,-0.4201958972129773,0.18412764461808506,0.1666458564736771,-0.7533034533512275,0.2605074127404072,-0.5155051284414176,0.248837237661975,-0.9825965361995833,-0.921160151645241,-0.5079687409810171,-0.7729095041160331,-0.039724285408869825,-0.6532063800224195
320,-0.21726100104213722,-0.15805413415459127,-0.8240810042269581,-0.16757772971907559,-0.4263380461766338,-0.29421838612471723,-0.35513249435737526,-1.0162262453766269,1.2640826495768611,-0.5155051284414176,-0.49541436624462,1.7181539631030127,0.5400324154522426,1.2449321207968536,2.483538303960543,1.0184318680902122,0.800327327000582
321,-0.021082363815405118,0.4002241374675107,-0.39461794387564975,-0.7032121575884003,-0.5688161005140975,-0.3249658884888249,-0.8769108451884277,0.9039072089056657,-0.9746621095198437,-0.5155051284414176,0.40739250550941014,1.7054000724572072,0.18407911581754968,-0.3164211278180741,0.6150219409867622,-1.097880438907952,0.10043141234475883
322,-0.4752779875249669,0.4566458776846377,0.7506168837278407,-0.7032121575884003,-0.9868978175527826,-1.3306347860674554,-0.8769108451884277,-0.8847648493639272,-0.665869728954781,-0.5155051284414176,-0.743498234213485,-0.9825965361995833,0.33129062015260236,-1.0922690282403074,-0.3077026743908079,-0.5688023621584108,-1.0357152502916303
324,-0.6531978452096152,0.5792172443632245,0.7506168837278407,-0.7032121575884003,-0.6545173900116202,-0.24412511530634748,-0.6707958290298349,0.38589503552025267,-0.3342648629795415,-0.5155051284414176,-0.35767404127410124,-0.9111916799682493,-0.02450855775419918,-0.39983096737729,-0.6868126256296293,0.1561110633998776,-0.5570695124126527
325,-1.0429153577871926,-0.0511497842695077,0.7506168837278407,0.36805669815024916,-0.659371302318737,-0.6529779091818189,-0.35513249435737526,-0.22745786930042866,-0.5886716338135153,-0.5155051284414176,0.0007533696931100915,0.5606894634019005,-0.7124183563456004,-0.5079687409810171,0.15750415533441742,-0.5688023621584108,-0.19419573569936635
327,-0.8433250699072833,-2.6626703314622557,0.7506168837278407,-0.7032121575884003,-0.5919776057129728,-0.4308257724444702,0.5087487096849498,-0.31799589836488407,-0.8721566318777146,-0.5155051284414176,1.3956275909057856,-0.34381199991423356,-1.4789549830350384,-0.3164211278180741,-0.002690817289244512,-0.39535791075556137,1.7257255858363585
331,-1.0488857464302528,-0.0511497842695077,0.7506168837278407,-0.7032121575884003,-0.946506460710384,-0.4837557144222928,-0.8769108451884277,-1.0162262453766269,0.5629200551120926,-0.5155051284414176,-1.239665970151215,-0.34381199991423356,-0.9246102834175091,-0.3164211278180741,-0.6204035755652514,-0.39535791075556137,-1.321700989460391
333,-0.9438327410090895,-1.8115080790438787,0.7506168837278407,-0.7032121575884003,-0.6489842626494424,-0.07518292733683339,-0.6030222547974848,-0.3951732877624084,0.36257496641330234,-0.5155051284414176,-0.4583302847380118,-0.15328015333508316,-1.4274130656886,0.7479742296976295,-0.5055360573843467,-1.097880438907952,-1.437547690170353
336,-1.4982236462234948,0.17453717659900148,-1.3489803002118905,0.1402733464402447,0.5127434931901537,-0.1379555202733644,0.7664206971572286,-0.18815563522433557,-0.731528095713817,-0.5155051284414176,-0.8489981274446133,-0.7608490947175186,-1.756127332843803,-0.17214739927133893,-0.5055360573843467,1.4016024080747644,-0.9556657640695677
337,0.09287672746580743,-0.13946207330501165,0.34424323522337685,-0.7032121575884003,-0.7249967087737349,-0.7907263434976513,-0.8769108451884277,-0.7422934223020772,1.0361080461521006,-0.5155051284414176,-0.46424843648908964,0.6414718607857384,1.0711512568694561,2.5603399976842014,0.7006341137484127,0.004586563472382124,0.3068445686189739
338,-1.0361739267153134,1.04256394917019,0.05075115574792981,-0.7032121575884003,-0.8636934827453924,-0.9983834367937298,-0.5144921149311051,0.4904042815333961,-0.9746621095198437,0.8456494136199557,-0.7227209477097981,0.23949388140859987,-0.6687124906463957,-1.0922690282403074,-0.2687411100464228,0.004586563472382124,-1.0481459789135106
341,0.11257308183645544,-1.8115080790438787,-0.18253742024537337,-0.7032121575884003,0.1849771857176604,1.5569044890129753,-0.8769108451884277,0.01886201731373713,0.48414197331631564,-0.5155051284414176,0.7136732433817927,-0.15328015333508316,-0.11255599706778835,-1.0922690282403074,-1.2381163338412584,1.4016024080747644,0.24903905118239542
342,-0.22970917372879854,0.5582050100754664,-0.509141426635998,-0.14514775460582865,-0.2080805660919984,-0.16775506360941572,-0.33328274980244393,1.8600683969061447,-0.7333696908392103,-0.5155051284414176,0.3111690971730356,1.4454278195400154,-0.6687124906463957,0.7340354847219471,0.21594650185099512,0.004586563472382124,1.0241925055479366
343,-1.2512311941783838,-1.1151025997924788,-0.14921048081775823,-0.14514775460582865,-0.4911278499015468,-0.6246006688607885,0.02913598045487843,0.2164714584588466,-0.7333696908392103,0.8456494136199557,0.3111690971730356,-0.9664400567228155,-0.23374655376743275,-0.48350085725288927,-0.7534287219438405,-0.5466469377177849,-0.330798041984548
344,-0.8989503121851924,-2.0823324320860896,-1.0490378453633586,0.9459974926617221,-0.3116938375132184,0.6331246961798465,-0.8769108451884277,-0.6114587553518998,1.1645629510295983,-0.5155051284414176,0.2880263805930696,1.0074581503534767,-1.756127332843803,-1.0922690282403074,-1.2381163338412584,0.5311423133860641,-0.28677538396978686
345,-0.32044505944720825,-0.4573863138328244,0.7506168837278407,-0.00018459608056950835,-0.784971573738499,-0.8074383264849745,-0.19206957557193466,-1.0162262453766269,-0.9746621095198437,-0.5155051284414176,-0.9140524776777038,0.15077005640868296,0.7096609908497497,-0.3253668562230168,-0.016935595330914516,0.2909640818748929,-0.4332406065479427
347,-0.22970917372879854,-0.21584026922760904,0.7506168837278407,-0.7032121575884003,-0.896533129720703,-1.2060405300898083,-0.5144921149311051,-1.0162262453766269,-0.894231303292966,-0.5155051284414176,-0.9811934589305065,-0.5644620773456771,-0.23374655376743275,-0.48350085725288927,-0.7534287219438405,2.2095205682330508,-0.6496193472863093
348,-1.0403538214969295,1.2735345512630452,0.7506168837278407,-0.04997944939617387,-0.6555184057210763,0.32223744872879373,-0.6647993331476102,-1.0162262453766269,0.4375413859781942,-0.5155051284414176,-0.9371154086110589,0.043167236310088834,-0.7378435096855377,-0.3796858946987139,-0.6707735690011565,-1.097880438907952,-1.3360846822731671
349,-0.8989503121851924,0.17453717659900148,-0.509141426635998,-0.7032121575884003,-0.35689767821663565,0.7558596638203028,-0.8769108451884277,-0.20669126532717277,0.6891796042408335,-0.5155051284414176,-0.47581979477907266,-1.368418036099954,-1.1134147563051469,-1.0922690282403074,-1.2381163338412584,0.5311423133860641,-1.4645139446960516
350,-1.1531866556228438,0.6971806649260747,-0.6491145722319811,1.18585604113014,0.20124066945079486,0.5906983996824661,0.7588231771216382,0.06559169332592896,-0.7024009199000625,1.0203473318403875,0.5102116374524723,-0.9148480339233388,-1.510731426776212,-0.4053682654978772,-0.14432626343028665,-1.097880438907952,-0.9334848840522022
353,1.5835447143189707,0.7852195413020256,0.7506168837278407,-0.7032121575884003,-0.4497226622126134,-0.6685280324683146,-0.8769108451884277,-1.0162262453766269,0.3075907419228495,-0.5155051284414176,-0.4670442983067621,-0.1668322388163905,1.0609571615417819,-0.4856958446128469,-0.27223630980339203,0.5498574472402136,-0.1802963927219002
354,1.154981009433706,0.8721150556471204,0.2145495176155694,-0.7032121575884003,-0.3006830683319752,-0.5030013440685294,-0.8769108451884277,2.259115255928406,-0.9746621095198437,-0.5155051284414176,-0.4670442983067621,1.034753558467173,0.410860739760493,-0.4856958446128469,-0.7551763218223251,-0.5486344768585634,-0.49796814919937343
355,1.2621219356550224,0.9800660215450645,0.7506168837278407,-0.14715992339021539,-0.316409936211015,-0.8754363929680461,0.20642511172520675,-1.0162262453766269,-0.2533948805833288,-0.5155051284414176,-0.7245848555882463,-0.1668322388163905,0.6275595470209223,-0.4856958446128469,-0.27223630980339203,-1.097880438907952,-1.2921475403930558
356,-0.4873167732588343,0.8967354513782307,0.22571758774290823,-0.033380475253177465,1.5989634002925628,0.8627296980136897,0.4280973931114752,0.29895445954708705,0.18380853204609857,-0.5155051284414176,-0.30895039626905235,-1.368418036099954,-0.18988893615869276,-1.0922690282403074,-1.2381163338412584,-1.097880438907952,-1.3985627395135343
357,-0.0771396421114285,0.7910478989715138,0.7506168837278407,-0.14715992339021539,-0.14579951919197973,0.5729221305300745,0.38698110454414575,0.8943896303846423,-0.2533948805833288,0.8407416060880218,0.3055773735376907,-0.1668322388163905,-0.239235682020796,-1.0922690282403074,-0.7551763218223251,-0.5486344768585634,0.1373753637555727
358,-1.2563423620271592,-2.321295096535099,-1.0490378453633586,0.006922743606935559,0.6696704924419542,0.6247625837562876,1.6595599152636262,0.029509285550687252,-0.7699662990444753,-0.5155051284414176,-0.5818553295282173,-0.8569025351254189,-1.2026347772211048,-0.31761376865996027,-1.2381163338412584,-1.097880438907952,0.29906480175264
359,-0.13071010522208656,-0.5856715336949238,-0.7314517167002056,-0.14715992339021539,0.27788917519077355,0.4487771142302355,-0.3352428667316104,-0.19739087005036862,1.0288579708593644,-0.5155051284414176,1.3357396026636281,-1.368418036099954,-0.022536874760366258,-0.4856958446128469,-0.7551763218223251,-0.5486344768585634,1.2492265114267282
361,2.3012322070462736,0.6847859576930215,0.5334171750444198,-0.7032121575884003,-0.6740606928799887,-1.2777862085046516,-0.8769108451884277,-0.6676477350675222,-0.5652704885691069,-0.5155051284414176,-1.239665970151215,-0.3453870341508838,2.1183205565150858,-0.31761376865996027,-0.6213531295482849,-1.097880438907952,-0.30948360662838537
364,-1.1195125709089502,1.5021075346490547,-1.0490378453633586,-0.7032121575884003,-0.569697948138766,0.04342823056544496,0.04544215861231928,-1.0162262453766269,0.04881694285699827,1.21655902234894,-0.2529500092167185,-0.3453870341508838,0.45784288964699066,-1.0922690282403074,-0.6213531295482849,-0.39643783513115577,-0.5123330760887271
366,-0.42265221471991055,-2.0823324320860896,0.7506168837278407,-0.7032121575884003,-1.117890106831006,-1.3306347860674554,-0.8769108451884277,-0.7770871373485913,-0.8342324155299647,-0.5155051284414176,-1.239665970151215,0.03526414197915793,2.7521841150030935,-0.02937867598653058,2.1468818384980484,-1.097880438907952,0.6976601803728304
368,-1.2245132283778313,-2.8126079244121915,-3.3226016531152394,-0.7032121575884003,-0.7197552556615846,-0.6800604498586413,-0.30919528795816714,-0.15801494274881953,-0.9746621095198437,-0.5155051284414176,0.3798846047562414,-1.368418036099954,-1.756127332843803,-0.13865616951531107,-1.2381163338412584,-1.097880438907952,0.10456740030567224
369,-0.10225622907849344,0.8967354513782307,0.7506168837278407,0.9475641535397846,-0.6196102304484754,-0.96208010819999,0.7311623039512087,-0.6110742479054164,-0.26090970624166343,-0.5155051284414176,-1.239665970151215,2.1987816763587404,-0.4694810946857075,0.7084910099631083,0.19560856196173748,-1.097880438907952,-1.4633951561130503
370,-0.8940235115312943,-0.6198809256581502,0.7506168837278407,-0.7032121575884003,-1.008708236435774,-1.1482413799967814,-0.8769108451884277,-0.565090013024174,-0.8863551772362086,-0.5155051284414176,-0.9558827331516495,-0.4857352962492842,0.15411126032960198,1.581256312295377,1.4226350704035882,-1.097880438907952,-0.8920442992254224
371,-1.2481983938779042,-1.8685237323159232,-0.6491145722319811,-0.09049971871170526,-1.0575386269761398,-1.057044676961444,-0.8769108451884277,-0.8658475012591426,-0.7097413126689386,-0.5155051284414176,-0.1045330221529529,-0.0443939263239492,0.6316709086229534,0.2444936420275349,2.4869356321015266,0.7177574396218923,-0.3669818373663542
372,-0.7191943268925479,-0.5856715336949238,0.7506168837278407,0.17097512099037326,-0.639680278459467,-0.4198307153751156,-0.8769108451884277,-1.0162262453766269,0.7892243187674216,-0.5155051284414176,-0.025003038970622667,0.5206329441931004,-0.7340902168698548,-0.13865616951531107,0.2803741562919416,0.629093407449098,-1.019131652037596
373,-0.8829760146120205,-0.8636228433961403,0.7506168837278407,0.05396543223095408,0.9531933963619108,0.021753618457772874,-0.1393203290714193,0.842123737523794,-0.42902254103444115,-0.5155051284414176,-0.5382788469636999,-0.8230173333162983,-1.4610480749845483,-0.2662969468757392,0.07712468791316686,-0.3499709653271944,-0.5875243331074289
374,-0.5988777762424525,0.17453717659900148,0.7506168837278407,-0.7032121575884003,-0.6759716511077822,-0.6466595133024273,-0.8769108451884277,0.7883186840331842,-0.8863551772362086,-0.5155051284414176,-0.1045330221529529,0.8382888135267208,0.3928910844762776,0.2444936420275349,-0.17381577214331978,1.3229700657985068,-0.3669818373663542
375,-1.1301400997623676,1.1675598044204416,0.7506168837278407,-0.7032121575884003,-0.7366857453579982,-0.4642661072317532,-0.08109422286394666,0.6379399399156999,-0.9746621095198437,-0.5155051284414176,-0.1045330221529529,-0.0443939263239492,-1.0397878604037762,0.2444936420275349,0.35833450870564953,0.11254481344527754,-0.45449224767619895
376,-0.4808194821269157,-0.902936055934526,0.7506168837278407,-0.09049971871170526,1.05414298738138,0.8580860867806345,-0.08109422286394666,-0.565090013024174,0.34994187473468147,0.9789394458715596,-0.3883162591525184,2.1623129233027254,-0.3234483879637492,0.912874977161456,1.4226350704035882,1.3229700657985068,-0.45449224767619895
379,-1.2477111208572522,-2.0823324320860896,-1.3489803002118905,-0.7032121575884003,-0.7239200317532725,-0.372692999528752,-0.6310473398160915,0.09878374436362558,-0.42902254103444115,-0.5155051284414176,-0.5382788469636999,0.26778407225101314,-0.8708895592660391,-0.2662969468757392,-1.2381163338412584,0.3979385082535631,-0.5875243331074289
382,-0.6619187296678484,-0.34131873395759066,0.7506168837278407,-0.7032121575884003,-1.0208725598256476,-1.3306347860674554,-0.8769108451884277,-0.5510741598227541,-0.5194098955000833,-0.5155051284414176,-1.239665970151215,-0.4583122013658104,-0.7713344900180917,-1.0922690282403074,-0.6894332638199785,2.6462114129252146,-1.46927323602621
383,-1.137991026172406,1.0241822057510355,0.7506168837278407,3.1887030708407265,1.9899044333779348,0.8126877822043858,2.66157710520797,0.7031290619916246,-0.7502938266361969,1.3830205837099714,-0.518635854505864,-0.8077428842465889,-0.5427544357088135,-0.24316483790445775,-0.5620785547989646,1.2086856630363598,-0.3076352803296719
386,0.43361632178606674,0.9428332135981815,0.41910153889525187,-0.7032121575884003,-0.37025311979677816,-0.7664548301638058,-0.056369875418859045,2.2398383535004824,-0.7925612239119396,1.0253686933341424,-0.3618666155266727,0.4517936333683332,0.21345835280761966,0.9751705810433944,0.9566159462438606,1.3981807956474919,-0.11583561749224161
387,0.37275326337196,0.5028091196804696,0.7506168837278407,-0.7032121575884003,-0.6503774071171076,-1.142574800766239,-0.4666403603036433,-0.3960234646381299,-0.4283594526961311,-0.5155051284414176,-0.9470661852763675,-0.4583122013658104,0.9520529849269032,1.6643171174712945,1.5052990162651403,0.7741654870086312,0.06462273164562078
388,-0.8445079049101676,-0.0511497842695077,-0.44915293566629166,0.5602840918799116,0.37828827526110803,0.36190508164349355,0.3539006094659254,-0.7061248550073783,0.755296303755246,1.0253686933341424,-0.9470661852763675,0.9068465507354051,-0.5251362793116638,0.28602404461549363,1.5052990162651403,-0.47386513026909094,-1.2888148868883478
389,0.4490954570787058,0.2990541205264549,-0.0621304132810884,2.06811336614605,0.7706954034792755,1.4880245407259234,0.9228460862224355,1.4777294174154725,1.4218349076681236,-0.5155051284414176,-1.239665970151215,-0.03761364832292192,0.7639000375627877,-1.0922690282403074,-1.2381163338412584,-0.18541259277089192,-1.5867499312021651
390,0.014098130063477526,0.8193570647947412,0.266094456664826,2.104288706348461,0.32451594823504765,0.2363818495991405,0.946339111028739,2.084491028467444,-0.4688747022728936,1.1964131252427508,-0.26442665008648664,0.6538459147153336,-0.6620177309373975,-0.3266238998061726,-1.2381163338412584,0.28868760104519486,-0.035881245044319034
391,-0.8445079049101676,-1.1448635177092052,-1.0490378453633586,-0.07146403285424438,-0.27942572468883764,-0.01421488895893958,-0.4666403603036433,-0.08592207426888128,-0.4283594526961311,1.0253686933341424,1.1011323088475642,-0.4583122013658104,-0.7713344900180917,0.28602404461549363,-0.14075019379869885,2.022196104286353,0.5157686044902773
392,-0.46308129821308885,-0.20739460333232201,-0.9672353576773942,-0.7032121575884003,-0.15543963199406788,0.4651219603224656,-0.37141256656037075,0.32105010479867996,0.7081000121075078,-0.5155051284414176,-0.518635854505864,-0.24706773239322366,-0.5427544357088135,-1.0922690282403074,-0.5620785547989646,1.9775410303511303,-0.4188075291436073
394,0.9607129695534833,0.5582050100754664,0.7506168837278407,0.07494181928353508,-0.2256659185355659,-0.4040653529459872,-0.8769108451884277,-0.25229321351874606,1.380511557306433,-0.5155051284414176,-0.8792570075950572,1.994642875101371,1.5796661611952612,-1.0922690282403074,-1.2381163338412584,0.4393777658572251,-0.5306013945394741
399,-0.733579626719298,-2.2757783985448117,0.7506168837278407,-0.7032121575884003,-1.117890106831006,-1.104785808137678,-0.8769108451884277,-1.0162262453766269,-0.646623434821619,-0.5155051284414176,-0.8882708434813336,-0.8219262551572711,0.3135596299084428,0.5629798610626798,0.07975583735131123,1.899742249254826,0.06674574627923169
400,-1.3007883881772755,-0.7282106668750352,0.7506168837278407,0.9395993198232698,-0.13843258123227203,-0.4136936917882411,-0.07675366819372251,-0.4114304771173701,-0.6195078005346978,-0.5155051284414176,1.4234238455724388,-1.368418036099954,-1.4360177587655778,-1.0922690282403074,-1.2381163338412584,-0.2865289912531667,-0.29591354887064547
401,-0.9528584836407656,-2.0823324320860896,0.7506168837278407,0.055480171626301714,1.214912828744389,-0.6530878522781234,0.3548659405213298,-0.08519243245091918,-0.8653158846204354,-0.5155051284414176,1.2200999165379545,-0.8219262551572711,-0.2777795023064846,1.3906043057141737,0.7386919229475961,-1.097880438907952,1.3670649070959746
403,-0.39948250890213266,-0.17063111649401208,0.7506168837278407,-0.7032121575884003,-0.8232303195750162,-0.6584787569983357,-0.48587847747841406,-0.5728857467042414,-0.887881140519178,-0.5155051284414176,-0.9607865701300716,3.19716660306997,1.7636775083040706,-0.43543747011778156,-0.7151617273136336,0.6863828162921417,0.36768488316199366
404,-0.8055462814666424,-1.3300425625243928,0.7506168837278407,-0.7032121575884003,-1.1098221101911228,-1.2410139821915729,-0.8769108451884277,-0.7206659129283699,-0.7143192025178466,-0.5155051284414176,-0.40302777008778506,1.23387132568096,0.5904092279214459,-0.43543747011778156,1.8996113053244899,-1.097880438907952,-0.4062990167596862
405,-0.9215645021993596,-0.9448701493088035,0.7506168837278407,-0.7032121575884003,-0.8125201513103483,-0.7032891589362771,-0.8769108451884277,-0.5728857467042414,0.41383339449080736,-0.5155051284414176,-0.40302777008778506,0.8001564320508073,-1.2868200206907532,-0.43543747011778156,0.8537020922692405,0.6863828162921417,-0.8362900722717301
406,-0.5885751318290172,-1.3437205601527868,0.7506168837278407,0.11819358111743475,-0.4140888164807097,-0.23030547293239845,-0.07675366819372251,0.1933652911418867,-0.02758395222612123,-0.5155051284414176,-0.8592245679049787,-0.7767533154528837,0.16453011162554854,-0.19623325437974692,-0.524712676907779,1.3361739040564036,0.056037294612105173
407,-0.9795736125657183,-0.8459603855890396,0.7506168837278407,-0.10108752490727486,-0.1500273380940015,-0.8377203647501009,-0.48587847747841406,-0.12954524803185594,-0.8011001715185122,-0.5155051284414176,0.15473102995450141,-0.5009882488396494,0.12110191576839625,-0.43543747011778156,-0.7151617273136336,0.6863828162921417,-0.14830438345245936
409,-0.8165007670698802,-1.3300425625243928,-0.2184279703981887,0.5818181137398738,-0.36918273045015104,0.295118815760891,0.7921403854150051,-0.5431464788480467,-0.23384423834590043,1.051630117201068,1.4386136289840317,-0.44280108374413857,0.24702639958871153,-0.39137722815499554,-0.6800819474001623,1.44072167157913,0.3860574590793065
413,0.1806085947614522,-2.723758531396589,0.2028958792218241,-0.10108752490727486,-0.544961819750093,-0.4344267473086292,-0.2903622936234073,-1.0162262453766269,1.021300177495467,-0.5155051284414176,0.15473102995450141,1.23387132568096,1.2943701961510206,0.87822564612727,0.33074748574161583,3.3496287335043466,1.3996634163908996
415,-0.1668998259587518,0.9644415396387832,0.7506168837278407,-0.7032121575884003,-0.9840954001518828,-1.115494222028771,-0.8769108451884277,-0.30671445926899676,-0.8357798722773737,-0.5155051284414176,-1.239665970151215,-0.6743108436315985,0.49707807209581484,-1.0922690282403074,-1.2381163338412584,-0.1460493498058381,-1.8164753267880598
416,-1.1881005146569585,-0.9216566333337566,-0.39461794387564975,1.224040258431838,0.6250935951301114,-0.4700725299127175,0.3746873032805133,0.16629339813608987,-0.4191331605499637,-0.5155051284414176,0.09927027733907329,-0.6743108436315985,-1.0050588645305971,-1.0922690282403074,-0.4011919877872866,-1.097880438907952,-0.5778095588366751
418,-1.2627589033507591,-2.6626703314622557,0.7506168837278407,-0.7032121575884003,-0.6073139507046872,-0.24912873018130832,-0.8769108451884277,0.3212852848641721,-0.7128530778806382,-0.5155051284414176,-1.239665970151215,-0.05994594116471364,-1.0482019988051512,0.8893225138040073,0.3395825637731356,0.6964309191878141,-0.5666722365499628
419,-0.3647556864659327,0.7852195413020256,-0.44915293566629166,-0.7032121575884003,-0.5793816538516987,-0.4403490930489762,0.14532162123960965,1.6107855693055881,-0.9746621095198437,-0.5155051284414176,0.5100382515575961,-0.007842854955109151,0.20684539608669633,-0.40543632677423264,-0.14443464116444418,-1.097880438907952,0.055534298011036785
420,0.12051398110552058,0.8193570647947412,0.7506168837278407,-0.07358515052778682,-0.7923011859130469,-1.1900633608540114,-0.2635713653316053,-0.8616961386306141,-0.6116831592091015,-0.5155051284414176,-0.9480485998664131,0.44568220542650583,0.20684539608669633,1.6550617776239913,2.5897695905275913,-1.097880438907952,-0.3041706091134101
421,-0.24343826957306916,0.06833154795499669,0.7506168837278407,0.5560418565328267,-0.29899090882023843,0.8716508756098353,-0.05912487204599788,-0.5526359251385888,1.8384247553884077,1.020195152538208,-0.9480485998664131,-0.4613679153367241,-1.0200125594948657,-0.40543632677423264,0.40240620517396286,-0.47596028472684565,-1.473211557267863
422,-0.25973625220404317,0.04557319895985299,0.7506168837278407,-0.7032121575884003,-0.04934319369142347,0.46220324758824854,0.061787766163278024,1.3488130416488064,-0.002486448822553779,-0.5155051284414176,-1.239665970151215,0.019796348836757058,-0.6295246303739941,-1.0922690282403074,-1.2381163338412584,-1.097880438907952,-1.898174265158613
423,-0.4399258539306752,1.04256394917019,-1.0490378453633586,-0.7032121575884003,-0.5131114047675616,-0.744733628212647,-0.6212711866585875,1.495689220237517,-0.7477278798841959,-0.5155051284414176,-0.5103899257161228,0.899930805838203,-0.22206556543872988,-1.0922690282403074,-1.2381163338412584,0.45741604275467507,-0.5058231579811393
424,-1.0320014793766805,-0.7282106668750352,0.009582583513817565,-0.07358515052778682,0.05376775219991604,0.02822232432917085,1.5764470742388617,-0.5526359251385888,-0.06721473374298836,2.5558954335178337,-0.07319648901200762,-0.007842854955109151,-0.5292693772622408,0.28139637469184203,0.40240620517396286,-1.097880438907952,-1.1135066501434163
425,0.6623221489553961,0.06833154795499669,0.7506168837278407,-0.7032121575884003,0.6404186848332754,2.0490716385767547,-0.2870591374426945,-0.12455189188276092,1.643428206872211,-0.5155051284414176,-0.3983162306351919,-0.05994594116471364,-0.34027666476649926,-1.0922690282403074,-1.2381163338412584,-1.097880438907952,-0.5666722365499628
426,1.0123368857383332,0.7613232748571248,0.7506168837278407,-0.7032121575884003,-0.7732230012332835,-1.3306347860674554,-0.8769108451884277,-0.5703890686296939,-0.7128530778806382,-0.5155051284414176,-1.239665970151215,2.556998248705767,-0.34027666476649926,-1.0922690282403074,-1.2381163338412584,0.6964309191878141,-0.826119770159007
429,0.24183139799838368,-1.695440499168645,-0.0621304132810884,-0.7032121575884003,-0.4745158399987195,-0.15920624262208785,-0.46801785861721273,-0.08904560490055086,0.20501947899006817,-0.5155051284414176,-0.07319648901200762,2.713307507334581,-0.28389778614592853,-0.40543632677423264,-0.6912754875028513,0.14595986945426065,-0.21424438233229848
431,-0.5382455309399178,-0.34131873395759066,-0.5754444956025161,1.224040258431838,0.4101042597666647,0.46220324758824854,1.3133859146322189,1.8218208990538933,-0.6968976350349037,-0.5155051284414176,0.5455823598358361,0.7139035413051125,-1.0050588645305971,-0.04109113366282119,-0.4011919877872866,-1.097880438907952,-0.4401800290642989
432,-1.1937048290904169,-0.7282106668750352,-0.509141426635998,2.4573984513413,2.1099317870720835,0.02184655814816064,1.6887976949106112,0.7291267190496641,-0.7469012470756413,3.338959932436491,0.5901653107788837,-0.23011226047141464,-1.4481973817316842,-0.2303258863205153,-0.5518564684957432,0.4630813806846823,0.1790784492356357
433,0.9204277269862984,0.10509503479330663,0.7506168837278407,-0.7032121575884003,-0.6967695539484583,-0.9075113725454208,-0.2615219210862156,-0.7061333221099625,0.20896132803511624,-0.5155051284414176,-1.239665970151215,0.9067844262198076,2.182936482127039,0.9751141310441295,2.8126632298292993,1.3981126424331383,0.4254556659982228
434,-0.2362485812939876,0.851598059204529,0.1779994699260962,-0.05402251885266271,-0.7515851548514844,-1.0407567734424403,-0.6661121602074724,1.8517387161811028,-0.9746621095198437,-0.5155051284414176,0.8650798745933677,-0.43318569439577953,-0.491150665654263,1.7404218718419182,1.5810401468955955,-0.45663710644645444,0.13935505058637285
435,1.2247347099396324,1.1537890746047361,0.7506168837278407,-0.7032121575884003,-0.8236211667537647,-1.2366073608403367,-0.8769108451884277,-0.8611797837432946,-0.4283743691098622,-0.5155051284414176,-1.239665970151215,-0.0032965587080970734,-0.032786913794059715,0.28598641128265057,0.9565560206068356,3.2701074534389556,-0.6572648650913794
436,-0.3613353535604904,-0.11667180516681673,0.33069744693989445,-0.7032121575884003,-0.6735505639301238,-0.7991917629215943,-0.8769108451884277,-0.6975634718702124,1.3644427392480127,-0.5155051284414176,-0.337632036689251,-0.43318569439577953,-0.7441459990921709,-1.0922690282403074,-0.11045374154651677,-1.097880438907952,-0.9732879718171026
438,0.250952364488964,0.43246513187729757,0.7506168837278407,0.5602495929944142,-0.07667086431724188,-0.20230568334203008,0.14873736164859247,1.7746100640233526,-0.5194223258448591,1.0253266208471319,0.8084765993387066,0.9067844262198076,-0.525169890665415,0.9751141310441295,0.4078879319948122,2.0221109127684107,0.4254556659982228
439,0.2526485477926324,-0.40959378094302173,-0.8240810042269581,0.08694049464402469,0.5924176280640772,0.02184655814816064,0.14937257085118788,1.310911040525094,-0.2913795221872365,-0.5155051284414176,2.419996591708982,0.33904062734285506,0.09145237382890975,-1.0922690282403074,-1.2381163338412584,-1.097880438907952,1.1947575929124983
441,-0.6619685843710371,0.5792172443632245,-1.8738795961968244,0.5602495929944142,1.0351849824829027,0.6439411437020393,-0.4666515624536196,-0.08594747557663378,0.7552490684450978,1.0253266208471319,-0.6544823788683802,-0.9133775436360018,-0.032786913794059715,2.9927127189847296,0.9565560206068356,0.15011610176259307,-0.47681144324311253
442,0.7093917194399108,0.39471957744632774,0.7506168837278407,0.08694049464402469,-0.39987936274196373,-1.0954206392473482,-0.36376913716861986,-0.43444192390119657,-0.7469012470756413,-0.5155051284414176,-1.239665970151215,0.33904062734285506,1.0152422271652664,1.4935603975190688,1.5069231275408022,-0.3173995291116348,0.06622521104931772
445,-0.35766160141770337,0.8967354513782307,0.266094456664826,-0.07148128229699305,0.533927569136649,0.1267903049528857,1.3795152098530168,1.309470679123356,-0.7015182393148529,-0.5155051284414176,0.5158848036972893,-0.9133775436360018,0.4595960630772958,-0.4031413084788284,-0.6894482452292349,-1.097880438907952,-0.7474915760155127
449,-1.284499923026492,-1.269859372959457,0.7506168837278407,2.7031944496223295,0.7656480318254878,-0.23210704373202914,1.335281064432479,0.37717114368507876,-0.6473641270764341,-0.5155051284414176,-0.7137634247944755,-1.368418036099954,0.01388443566334923,1.3849981220840306,0.7342284048383213,-1.097880438907952,-0.047486273914121836
450,-0.19058123296781226,-0.7282106668750352,0.7506168837278407,-0.7032121575884003,-0.8803705539362299,-0.7391198478868414,-0.8769108451884277,-0.7375467675642857,-0.6473641270764341,-0.5155051284414176,-1.239665970151215,1.0852422181382406,1.3413932620437137,-1.0922690282403074,-0.2519439645014685,1.1452602339063889,-1.0205236107296947
451,-0.010836484391352106,0.8463495252308422,0.7506168837278407,-0.11888111297616837,-0.486550974838323,-0.5043970879206673,-0.11795716849275215,0.8481435956921166,-0.9746621095198437,-0.5155051284414176,-0.6983896884964607,-0.10572392044664056,-0.16209204555266893,0.8199948935146072,-0.7306157352419402,-0.5207018088892091,-0.7227449792090187
452,-0.23601593872768747,0.9644415396387832,0.24671355958230462,-0.7032121575884003,-0.8630638215489367,-1.2871485914281509,-0.8769108451884277,-1.0162262453766269,-0.8904456341984044,-0.5155051284414176,-0.4277515476690835,-0.10572392044664056,-0.3898113723085451,0.18257358626296902,1.2993866591553318,0.056476821129533644,-1.390399770935383
453,-0.292310802311771,1.1675598044204416,-0.46850406178555226,-0.11888111297616837,0.06395500492275194,0.8001887512584718,0.26151966985508557,-0.5859870512838398,1.6360486254447741,2.334935971870962,-1.239665970151215,-0.9475199975488495,-0.16209204555266893,-1.0922690282403074,-0.7306157352419402,-1.097880438907952,-1.8911408647301564
454,2.03541660887225,1.0514922245452079,0.30070320145504126,0.5006422703688175,2.0555094459196126,3.000851812769792,0.2958016344011433,2.52933487902374,1.2809033093417779,-0.5155051284414176,-0.12451411500596178,0.365872729726141,-0.8178204522692104,-1.0922690282403074,-1.2381163338412584,-1.097880438907952,-0.9228522083269842
455,-0.46119539306402263,0.7490130769915702,-1.1156917242185873,-0.11888111297616837,-0.2668284160413403,-0.15650753080623014,-0.6871724260145088,1.7086219838776908,-0.5535797329126473,-0.5155051284414176,-0.15711340684170635,0.31517411810446394,-0.8452500258202977,0.8199948935146072,0.2843854619566959,0.056476821129533644,-0.38891758334583637
456,-0.6281487089912843,-0.5198842414579498,-0.39461794387564975,1.5677255805520864,3.0215845597107154,1.964948440938823,3.91999307107875,0.37717114368507876,-0.15641715341131973,2.2539755985930925,1.9157493019892209,-1.368418036099954,-0.4286185064634389,0.14636454692186163,0.7342284048383213,0.023689897499218467,0.763378173432189
458,0.028202505043923593,1.1247980644664082,-0.7029503974612048,1.5677255805520864,0.4823027986271051,1.5424377708098131,0.5978837612255101,0.6558506214974198,0.9891257851406137,-0.5155051284414176,0.338041665919003,1.9031289695509723,-0.4286185064634389,1.3849981220840306,-0.2519439645014685,2.266830570313559,0.6012052839629268
459,0.1797336997591059,1.1247980644664082,-0.7029503974612048,1.7044966983260355,0.5906961444392254,1.715473490129676,0.6867057942643336,0.7565543168235566,1.1073982771216533,-0.5155051284414176,0.4330618125666648,2.100163495552236,-0.348667011981914,1.5341957823651002,-0.19255004321200572,2.4694760581173596,0.7965480887683476
460,0.561737008335004,1.2735345512630452,0.41910153889525187,-0.7032121575884003,-0.86650800750355,-1.0902583124907552,-0.8769108451884277,-0.8576787935116299,-0.788454422020513,-0.5155051284414176,-0.6412687781500567,-0.43778718112218395,1.0131288002048833,-1.0922690282403074,0.44505514494030074,0.1782961946973916,-0.7969714256113746
462,0.9915949724961065,0.776369072248359,0.7506168837278407,-0.7032121575884003,-0.35021967379489494,1.2675163906889215,-0.8769108451884277,-0.425299391309899,2.1484284704424015,-0.5155051284414176,-1.239665970151215,1.2330181126391884,1.058793308879975,-1.0922690282403074,-1.2381163338412584,0.09123839343381857,-1.438672297455584
463,0.35637811206152786,-0.13946207330501165,-3.2275672542632297,-0.7032121575884003,0.9643192306916915,1.288931368732407,0.22918510962202565,2.8361609416506433,-0.48371513585472936,-0.5155051284414176,1.3898467566324817,-1.368418036099954,-0.4286185064634389,1.3849981220840306,1.720400774178111,0.023689897499218467,1.736415510247762
464,1.2658834281742484,-0.13946207330501165,-3.2275672542632297,-0.7032121575884003,1.6939767135303825,2.126607656654273,0.582888852439623,2.8361609416506433,-0.3267217200890231,-0.5155051284414176,2.2307037267759813,-1.368418036099954,-0.004112080531708134,2.1771705002742707,2.666465688117398,0.3823419873971415,3.0115773604701204
466,-0.37599918864506704,0.2873806570332556,-1.1390205818179182,-0.7032121575884003,-0.09172327149109188,0.8444514438655498,-0.8769108451884277,2.1718688864086984,-0.03858932021524119,-0.5155051284414176,0.26441620860034476,-0.7836286592951569,-1.756127332843803,-0.20664549263781185,0.17211099724630263,-1.097880438907952,-0.20722511455850276
467,-0.39640478017606323,-0.4573863138328244,0.7506168837278407,0.6124504529386587,2.2950076260720595,-0.2536001671229351,0.6183222280201468,1.0826539311132077,-0.7850427682364778,-0.5155051284414176,0.893097129692293,0.5269452764323984,-1.2434011878450901,-0.3746694852785045,-0.6667796159364993,-0.44810121691332216,0.17638232809657126
468,1.169921869980311,-0.4013536890654703,0.7506168837278407,-0.7032121575884003,-0.6790158777728421,-0.47850134434252495,-0.2898553797185087,-0.1287789501259722,0.32817740857337413,-0.5155051284414176,-0.9605455536868748,0.36794085921690367,2.471288789221479,-1.0922690282403074,-0.7147097733177158,0.0926564092438814,-0.06007650071138239
469,0.2990332147252274,0.9202853951210312,0.06966644569333307,-0.7032121575884003,-0.5076437198050552,-0.4336522158306866,-0.48554053487514837,1.0544841102082338,-0.9746621095198437,-0.5155051284414176,0.15593611217048592,0.36794085921690367,0.357580728188838,0.22252939743173059,0.3321033477293693,0.0926564092438814,0.11206856626934628
470,-0.5718554405298562,0.25660516236936803,0.7506168837278407,-0.7032121575884003,-1.0862839865752794,-1.1512382720201018,-0.8769108451884277,-1.0162262453766269,-0.4535263022825566,-0.5155051284414176,-0.9605455536868748,-1.368418036099954,0.8272936306405363,0.22252939743173059,0.8555099082529116,-1.097880438907952,-0.4904391681632047
471,-1.0799362864603912,1.0772850200730373,-0.29918170824202567,-0.7032121575884003,-0.6308850522498018,-0.3035107330435364,-0.34967145824996254,-1.0162262453766269,0.6634652717632107,-0.5155051284414176,-0.863645425463325,-0.7836286592951569,-0.4905681619016658,-1.0922690282403074,0.17211099724630263,-1.097880438907952,-1.5986693379092534
472,1.006488806972043,-0.0511497842695077,-1.0490378453633586,0.5474853696633206,0.7918465386062727,2.1132329228938924,-0.47079623965185363,2.8361609416506433,1.1884131898583161,-0.5155051284414176,0.4981492116731225,-0.46753121707033873,0.1935072211101301,0.27206247553291335,-0.15186608306406674,-1.097880438907952,-0.6773183613994055
473,0.0667962399905384,0.7300743110445621,-0.874877710290016,-0.7032121575884003,-0.5462728562698609,-0.6130487298780404,-0.8769108451884277,0.906576227666458,-0.19295839866391312,-0.5155051284414176,0.15593611217048592,2.1042997545337614,-0.3469886254887088,-0.4348698154042884,-1.2381163338412584,-0.5026120148320352,-0.6625842351439337
474,-0.045238626964106715,0.4002241374675107,-0.11818195100584174,-0.06937521724528128,0.12002032358947606,0.273160411176489,0.5637836742715365,-0.5495361783095434,1.4004766956942412,1.0304634473418754,0.22817022222506786,-0.45530302223417307,-0.27405388158238947,0.9820063751793523,-0.1371218561237227,0.15427667393306202,-0.01695474943268132
476,0.41515170209257174,-0.13946207330501165,0.7506168837278407,-0.10056714965790535,-0.5919147787643825,-1.1512382720201018,-0.2898553797185087,-0.7204104802930753,-0.9746621095198437,-0.5155051284414176,-1.239665970151215,-0.5002385884415251,1.5318629843180833,-1.0922690282403074,-0.19130321279417337,0.0926564092438814,-0.4904391681632047
483,-1.16556708477325,-0.0511497842695077,-0.509141426635998,2.416028764213174,1.5631566052810095,-0.07710365306261115,1.1487896442249976,0.20866818185019004,-0.5251027740461474,1.0061002367466978,0.4939791715597047,-0.46969297409277355,-1.5130078035114523,-1.0922690282403074,-0.6962944848788114,-0.48166837263357837,0.11987442514860076
484,-0.5044453861143554,-0.5414352509838546,0.7506168837278407,-0.07936397322808544,-0.7972385291849751,-0.7270827590651231,-0.2692006983644,-0.8631144419732747,-0.25536717276192944,-0.5155051284414176,-1.239665970151215,0.42903208791440695,0.43194843114735426,0.9493174775668599,0.38734921304608216,1.3669678261895422,-0.32562991849186984
485,0.3970842029659557,0.03716250476599625,0.7506168837278407,-0.7032121575884003,-0.6275718787843664,-0.6806556800649436,-0.06663064942305745,0.36177998525354216,-0.9746621095198437,-0.5155051284414176,0.20503831460788474,3.19716660306997,0.43194843114735426,2.9909039833740274,2.8126632298292993,1.3669678261895422,1.9018917997104825
486,-0.8049552491411257,0.7300743110445621,0.7506168837278407,-0.7032121575884003,-1.117890106831006,-1.3306347860674554,-0.8769108451884277,-1.0162262453766269,-0.8847502424251045,-0.5155051284414176,-1.239665970151215,-0.020330443089183366,1.404426548476757,0.26878864229780425,1.4709929109709758,-0.48166837263357837,-0.5929325246761521
487,-0.5216246193633657,-0.7282106668750352,0.7506168837278407,-0.7032121575884003,-0.5607047504250984,0.3400706610735247,-0.21421983992674706,-1.0162262453766269,0.6431033126513017,1.9733973384777272,-0.7670430232860079,0.836659977313064,0.23223578073098688,0.020877609949526674,-0.3518538591117435,-1.097880438907952,-0.6018501259498564
488,-0.6199339124997493,-2.0823324320860896,-0.509141426635998,-0.7032121575884003,-0.4306524072875487,0.567894131138204,-0.8769108451884277,-0.01444127820038559,0.4960337288175613,-0.5155051284414176,0.17820287044440578,-1.368418036099954,-0.5631094646989291,-1.0922690282403074,-1.2381163338412584,-1.097880438907952,-0.8933361801602077
489,-0.5044453861143554,0.776369072248359,0.7506168837278407,-0.7032121575884003,-0.5796471564220739,-1.0056452330661996,-0.4717707473057425,0.055556378446837903,-0.34527903985666875,-0.5155051284414176,-0.3728433992957551,1.7771196809251777,-0.7836492155143998,0.9493174775668599,0.38734921304608216,-0.48166837263357837,-0.4147307872199637
490,-0.5253336900527784,-0.7282106668750352,-1.4724860169142286,-0.7032121575884003,-0.2376609292485395,0.08425932976624553,-0.4359502548488626,0.9835640958770698,-0.5832163829691298,1.1406330904210622,2.8486726311556585,0.09886082360848805,-0.6976674890737707,-0.3515711844286727,0.5310648725561815,-0.4271859360957583,1.721790290082088
491,-1.045363139562542,-0.4573863138328244,-0.6491145722319811,-0.7032121575884003,-0.6602527676158562,-0.4020932060638671,0.13593939951828504,-0.8631144419732747,0.014368428522288429,1.0061002367466978,0.4939791715597047,-0.9190555050963638,0.1888289018150034,-1.0922690282403074,-0.15447263591636462,1.3669678261895422,-0.5038316559480579
492,0.15667631254453962,0.6971806649260747,0.7506168837278407,-0.07936397322808544,-0.5432886710075061,-1.0984993910665584,-0.4717707473057425,-1.0162262453766269,-0.6150146411408866,-0.5155051284414176,-1.239665970151215,-0.020330443089183366,1.8906656071414587,0.9493174775668599,1.4709929109709758,-0.48166837263357837,0.03077355642050657
495,-0.47742161706270336,-0.7282106668750352,-2.685087599082629,-0.7032121575884003,0.11566114644130729,0.8196295768412796,-0.8769108451884277,0.9535943222808104,-0.2806192944935194,-0.5155051284414176,1.7341695158609607,-1.368418036099954,0.7461061390797628,-1.0922690282403074,0.15601762365746558,0.4876631641391458,1.4844430967173246
496,1.0690313560360172,-0.4927112294470256,-0.509141426635998,-0.7032121575884003,-0.49560193596638097,-0.13604347334038042,-0.8769108451884277,-1.0162262453766269,2.0328567555942283,-0.5155051284414176,0.9907106443579169,0.9440452390497287,0.7461061390797628,-1.0922690282403074,-1.2381163338412584,0.4876631641391458,-0.12038297078142453
498,1.0919178037062427,0.30729421240400634,-0.8240810042269581,4.28901990541893,4.40284981326584,3.000851812769792,3.91999307107875,2.765020982739679,0.07026135984269528,1.6949388437620674,2.9225832273876313,-0.7156267666184695,0.36295864213711887,0.8849464788109188,1.123205860693303,0.6924684631897315,3.0115773604701204
500,-1.3130149716069204,-2.0823324320860896,0.7506168837278407,2.548568172585005,0.6818939724707671,-0.24163910203341393,2.5547224924027696,-0.01861584290562528,-0.9746621095198437,-0.5155051284414176,1.019470672643057,-0.7828475896087398,-0.8056902034467744,-1.0922690282403074,-1.2381163338412584,-1.097880438907952,0.1443528860333381
501,-0.19818482218592975,0.5582050100754664,0.266094456664826,-0.10906410017948834,-0.3554898872256886,-0.31364881370229625,-0.49105863279114753,1.3169332081979919,-0.9746621095198437,-0.5155051284414176,-0.9644809921905564,1.1993978033440678,0.3277786513852135,-0.44413876895221105,1.3420178004981513,0.6627459986167464,-0.3510605877793753
502,0.6604248002784865,1.0602520418942825,0.3906859379096009,-0.7032121575884003,-0.7107168509858081,-1.0211173162171896,-0.8769108451884277,-1.0162262453766269,-0.11834862634244667,-0.5155051284414176,-0.9644809921905564,-0.08451011637794315,0.5593237607439933,-0.44413876895221105,-0.20606268010549442,0.6627459986167464,-1.114791226993689
503,-0.1872334652446149,-0.34131873395759066,0.7506168837278407,-0.7032121575884003,-0.12297775156455576,1.0737187448837824,-0.42079583745376925,-0.8438498458087673,1.5559533596523625,1.1975493101070023,-0.5890749183536207,-0.3566149814256767,-0.6612915801607216,-1.0922690282403074,-0.6281222154563761,0.28960785387669497,-0.9369556416830797
505,0.6553655737309642,0.4075043620116555,0.33069744693989445,1.1093228008682738,1.2018318092171931,2.5811669449917036,0.8887364923234167,0.9856105224496525,1.2458002628755516,-0.5155051284414176,0.8590634053642928,0.5899557723444996,-1.4029463370136492,-1.0922690282403074,0.336098462515116,-0.20270598785911018,-0.5712558309461011
507,-0.3864965415197153,0.08426239225159818,0.7506168837278407,-0.7032121575884003,-0.5547674203530405,-0.3567113280437921,-0.8769108451884277,0.360302713702766,-0.34595376082866924,-0.5155051284414176,-0.37377266383392044,0.42710515763417783,0.1867438397528004,-0.4124697440178866,-0.15563434039239615,-0.48232897382283124,-0.8621455166859215
509,-0.7133505956645794,-0.20739460333232201,-0.44915293566629166,0.48508395722942366,-0.2156544058288389,0.3496029074054165,0.2806457920034129,-0.7245813136797995,0.4810708118817313,-0.5155051284414176,1.2369988314947125,-0.9404487295259505,-0.5984017860499049,-0.44413876895221105,-0.20606268010549442,-0.5110049597330525,0.0732342117841322
511,0.14525902679983665,0.8193570647947412,0.7506168837278407,-0.7032121575884003,-0.6537033264296348,-0.9326837534028278,-0.49105863279114753,-0.8704037795282131,-0.9746621095198437,-0.5155051284414176,-1.239665970151215,-0.9404487295259505,0.790868870102773,0.8521217496239816,0.8259909736302695,0.6627459986167464,-0.3510605877793753
513,1.3538491416914096,0.8721150556471204,0.7506168837278407,-0.7032121575884003,-0.31356840022118404,-0.45385163945074736,0.30018737981946864,-0.7937999378403735,-0.3215849411682568,-0.5155051284414176,-1.239665970151215,-0.7156267666184695,1.7756826254577338,1.8735542323365317,1.9103132588714902,-0.20270598785911018,0.9819916749110604
516,-1.162251570519555,0.17453717659900148,-2.398778892181757,0.061180871642907225,0.7920238262659747,0.03464105295858515,-0.3804979767256268,1.2350444608365927,-0.31365509362673943,-0.5155051284414176,0.884546770554886,-1.368418036099954,-1.1603449673562705,-0.2584259380276396,0.08965813057203967,-1.097880438907952,-1.2229888117840988
519,0.016023017543987095,-0.40959378094302173,-0.29918170824202567,-0.7032121575884003,-0.1908145858404014,-0.24979141350517328,-0.3804979767256268,1.047438568652158,-0.5339907655911075,1.3488980445571292,0.17647585698618568,0.28337607779535723,-0.8624537846125042,-1.0922690282403074,-1.2381163338412584,-1.097880438907952,-0.13124750898547025
520,-0.4569256657604589,-0.3787598887560529,0.7506168837278407,-0.7032121575884003,-0.8997898125213192,-0.9027798994438087,-0.8769108451884277,-1.0162262453766269,-0.42226564133236755,-0.5155051284414176,-1.239665970151215,2.312612927263533,1.2312062347948975,0.9982321327813963,2.645507704477762,-0.46690446198119534,-0.5438325820593061
521,0.09695201142060855,1.0128030312534635,0.7506168837278407,-0.7032121575884003,-0.9744508862935133,-1.2355559223733117,-0.8769108451884277,-0.8594460149673909,-0.5143317193636137,-0.5155051284414176,-0.0562114455327264,0.4720974455817897,0.9822617708250057,0.9982321327813963,2.8126632298292993,-1.097880438907952,-0.08765433784995595
522,0.6051603115757579,0.5028091196804696,0.3162174663610002,0.061180871642907225,0.4067007116440052,0.8310519590571089,0.6123277601999748,-0.26580267663888696,2.330372969945677,1.3488980445571292,-0.5315950565825146,-0.8178199981348503,-0.8624537846125042,1.409260242397696,0.08965813057203967,-0.3428438453954817,-0.7862922906646472
523,-0.4077746785735762,-0.5198842414579498,-1.3489803002118905,-0.7032121575884003,-0.2669308980190688,-0.5272502848031475,-0.8769108451884277,0.8052917365623992,-0.0994937022386959,-0.5155051284414176,1.2602824571041646,-0.8824262121584359,0.08443272147372109,0.3797337627292093,1.1058351125824888,-0.4314385231687382,-0.23315680204722408
524,-0.7030935222853779,-0.7282106668750352,0.08758619406266159,-0.7032121575884003,-0.883689441403884,-1.0453981949850242,-0.8769108451884277,0.8651365195342033,-0.8825960314885977,-0.5155051284414176,-0.9438023389965928,0.9322263160022255,-0.26246054902445276,-0.39543530789973946,-0.12850946575010974,0.1640715149455613,-0.6350682309011761
525,-1.318513163597675,0.17453717659900148,-0.8240810042269581,-0.06441710775978407,-0.8290428789387331,-0.6175433083613774,-0.2546404863833162,-0.07554486292121175,-0.7905299534573516,1.0425565914488166,-0.3520750766873485,-1.368418036099954,-0.7603494769642363,2.3918995734625317,0.4262939682954646,-0.46690446198119534,-0.178889986691826
526,-0.4569256657604589,-1.0667411081777987,-3.0834301478142785,-0.06441710775978407,1.3250122210616562,0.23816646488591628,0.5750533253568324,-0.5458855541489193,0.7745933730738306,2.6006183113390504,-0.6479387078419707,0.4720974455817897,0.48437284288522214,1.695065853121964,0.9810974023410388,0.1640715149455613,-1.1824821239523962
528,0.3431198679455275,-1.695440499168645,-0.39461794387564975,-0.7032121575884003,-0.955001899223194,-1.2355559223733117,-0.8769108451884277,-0.7026657845581552,-0.8825960314885977,-0.5155051284414176,-0.3520750766873485,0.9322263160022255,2.4759285546443555,0.9982321327813963,0.9810974023410388,-0.46690446198119534,0.36852390635939386
532,0.838454342139849,0.32192457961517057,0.41910153889525187,-0.03924947839713058,0.8978383834810476,1.9799972742577356,0.20106738566042673,2.8361609416506433,-0.017728585243804103,1.1039420387857304,1.5280162205991055,-0.4119034304856158,-1.4973748060175076,-0.36798103629003376,-0.08479251083340346,0.8696261984306639,0.48714427582824243
534,-0.5851480227736509,0.04557319895985299,-0.8240810042269581,2.3351433091976888,1.7434429222565782,2.00457416243382,2.0828468220034293,1.4073221656450003,-0.9746621095198437,1.3371803868458054,1.5748169579272275,-0.2741429088559957,-0.5720515119181644,-1.0922690282403074,-1.2381163338412584,-0.3475892033150747,0.5038988472167162
535,0.7693935243108693,0.546256876853016,0.7506168837278407,-0.7032121575884003,-0.4055071091826222,0.1790241602492348,-0.8769108451884277,-0.7144867136175083,0.08848119127263189,-0.5155051284414176,-0.38553640327800703,0.8454942273772326,1.3581461165284607,2.2605497541516124,0.8974351699458005,-1.097880438907952,0.6940012805244484
536,0.5325059602089126,0.6259110983360199,0.7506168837278407,0.5262140189276323,0.18535472951868182,0.1790241602492348,0.7199194541703019,1.246820242816762,-0.7088762843217248,0.9838191568473962,0.18388330797079833,0.8454942273772326,1.3581461165284607,0.9194222411948444,1.4313230458925652,-0.49069165199213644,1.6597589554037753
537,-0.6098743185814279,1.6135172390966153,-0.29918170824202567,-0.7032121575884003,-0.8674068851514322,-1.1015843550615536,-0.2106508661975486,-1.0162262453766269,-0.6789388325860553,-0.5155051284414176,-1.239665970151215,-1.368418036099954,-0.5566843745799043,-1.0922690282403074,-1.2381163338412584,0.9288626086230969,-1.3235010682432922
538,-0.07289274526512318,0.6259110983360199,0.7506168837278407,-0.7032121575884003,-0.0005037726100214488,1.2696976144589625,-0.6302643729224395,-1.0162262453766269,1.7622238405086537,-0.5155051284414176,0.16757549388800633,-1.368418036099954,-0.5720515119181644,0.5649358485082594,0.08131315083956664,-0.3475892033150747,-0.9064448625869878
539,1.3616124345657619,1.1395434920367644,0.284039731741233,2.3703532837016814,1.3870240023079559,2.4663862001230084,1.917542178689349,2.7555179016123548,0.7086481167349094,0.9838191568473962,2.176852297341617,0.8454942273772326,-0.3187703562104506,-1.0922690282403074,-0.17034058194772891,-0.49069165199213644,1.8353512599272894
540,0.414062178157934,1.4614330385726277,0.7506168837278407,1.1409271071856486,1.261425599734175,1.5514413841734989,1.3187308164298257,2.7555179016123548,-0.4430904591236059,0.9838191568473962,1.0380128748440063,-0.04007067801364219,-0.797889348421568,-0.4217052717619234,-0.17034058194772891,1.3308747087553099,0.7817974327862052
542,0.2363965050814659,1.3706780692021,0.05075115574792981,0.5262140189276323,0.5039357661157806,2.191902755338155,0.9195232415901431,0.03986211578028807,1.2402197671311472,-0.5155051284414176,1.0380128748440063,0.8454942273772326,-0.797889348421568,0.24885848471646055,0.36354729399903574,-0.49069165199213644,0.43061282373917775
543,1.0062810884128264,0.7192988062816097,0.7506168837278407,0.5262140189276323,0.027294027721701992,-0.9189096188901762,0.5203156667504608,-0.8653564794970676,-0.9746621095198437,-0.5155051284414176,-1.239665970151215,-0.9256355834045167,0.8790271243173434,0.24885848471646055,0.8974351699458005,0.11649713492367907,-0.008367937569607341
545,1.9447100933204289,0.859380368199994,0.7506168837278407,-0.7032121575884003,-0.5210247227846659,-1.1023683093847731,-0.8769108451884277,-1.0162262453766269,-0.3115620753695663,-0.5155051284414176,-0.5293530147980259,-0.2637351235156222,2.7521841150030935,-1.0922690282403074,0.09386240696942484,-1.097880438907952,-0.45185610186550085
547,-0.7297096039150988,0.7613232748571248,-1.1390205818179182,0.8175200153445152,0.23740769165660122,0.4801430153495085,0.35758337319889494,2.3428897414240555,-0.8650746550339087,1.3390760752544792,0.16901539899309423,-1.368418036099954,-1.1634836426115092,-1.0922690282403074,-1.2381163338412584,0.40423744493872843,-0.5788718135714271
549,-1.1985621862842097,-1.6309585103490711,-3.3226016531152394,0.7836963481901269,1.296167154982319,0.8824939973272964,2.9856074576669913,0.443508661435527,-0.9746621095198437,3.1111592053762305,1.5150338343156868,-1.368418036099954,-1.176665045146648,-1.0922690282403074,0.05328682486954578,-1.097880438907952,-0.09384711631489087
550,0.37071595071011476,0.3904116609080102,0.7506168837278407,-0.7032121575884003,-0.4981621509944758,0.17089433521462516,0.2792279255534846,0.29456841378905835,0.13718187443916896,-0.5155051284414176,0.13457357858435645,-0.5135278439136414,0.3252261193665551,-0.4449326498909936,-0.20732682062626204,0.07443281691313737,0.3241731239334742
551,0.8672648055222633,1.1509787215811222,0.08758619406266159,-0.7032121575884003,-0.04098852286096787,0.04455352548179918,-0.18457956856838031,0.553661665543546,-0.87223038601759,-0.5155051284414176,0.7353821024201614,1.191254008054819,-0.3712627309148258,0.4583103055453068,1.2309568870238685,-1.097880438907952,0.6059969973046054
552,1.3178287914758007,0.6259110983360199,0.7506168837278407,-0.7032121575884003,-0.024640061743270252,0.8741769805974232,-0.8769108451884277,-1.0162262453766269,3.4975205179321365,-0.5155051284414176,-0.32488345529583046,0.05425714569958463,-0.6015580372481818,-0.014996873089818261,-0.3804163207203907,-1.097880438907952,-1.3728383099416654
553,0.4278864793661379,1.1509787215811222,0.15073197403077382,-0.10979185946989659,0.41608349621113644,0.5683579261422349,-0.2988414598174715,0.5858561158258773,1.0779729377891025,-0.5155051284414176,0.4094214883314707,-0.5135278439136414,-0.8310813540836438,0.8497401068076337,0.8234626925887343,-0.5117238109974073,0.15466308797028605
554,-0.6583535650983008,0.018890996689684466,-2.0488460281918015,0.48362843864860716,1.5596537664044985,0.2592195776429829,1.242676901171745,0.7314999668442866,-0.46150334769260715,2.3792745056598497,0.4094214883314707,-0.08608274782048517,-0.5998198593936042,2.7917492418555745,2.3696469624112284,-0.5117238109974073,0.7479482138414443
555,-0.7752728089859615,-1.0667411081777987,0.7506168837278407,-0.7032121575884003,-0.06390207201145713,0.9476707061529189,0.4057567620156248,-0.5314765216824214,-0.6900024571468198,1.893185005014391,2.8768553466980147,0.05425714569958463,-1.371270900978596,-0.014996873089818261,-0.3804163207203907,-1.097880438907952,1.0249440592995633
556,-0.6583535650983008,0.10509503479330663,-1.4402671342962272,0.48362843864860716,0.1507355810042143,0.74500841099895,1.628056491419049,-0.5792946923213984,0.8213935568754844,2.3792745056598497,0.4094214883314707,-0.9409729400067978,-0.5998198593936042,0.8497401068076337,-0.20732682062626204,0.07443281691313737,-0.1843569839560899
558,2.6003665682950157,0.5291881151066583,0.7506168837278407,-0.7032121575884003,-0.3637115039355353,-1.198146922424919,-0.6842210500647756,-0.8705823943582174,-0.632556268301686,-0.5155051284414176,-0.6899701506569864,-0.08608274782048517,1.0190106034366744,2.7917492418555745,1.3388574491962322,-0.5117238109974073,0.9174582498046324
560,1.5141265238305766,0.8193570647947412,0.7506168837278407,-0.7032121575884003,-0.5739234435376414,-1.1098216799965612,-0.8769108451884277,-0.8705823943582174,-0.8891356492153042,-0.5155051284414176,-0.6899701506569864,-0.5135278439136414,1.7127950875067937,1.4970764851569476,1.3388574491962322,0.6605894448236819,0.8327032318230383
561,-0.19581351176778652,0.6259110983360199,-0.08922198984805181,-0.7032121575884003,-0.2520595536758826,0.2185553623088707,0.0887187305254272,-1.0162262453766269,1.8112390166954253,-0.5155051284414176,-1.239665970151215,-0.2973866757818531,0.5617218179448168,2.1517385330758643,1.3446899835803499,0.37082779119812487,0.5432542309619656
